ticket_id,customer_id,date,issue_type,resolution_days
T9887167,C100001,2022-01-07,Login,10
T5984467,C100012,2024-05-01,Login,6
T4593100,C100012,2023-10-31,Login,13
T7590298,C100012,2022-02-17,Content Quality,4
T1941367,C100013,2023-02-27,App Bug,4
T1654617,C100013,2023-10-16,Payment,15
T8477247,C100013,2022-02-02,Other,7
T4981521,C100013,2023-04-27,Content Quality,12
T8419335,C100016,2024-05-04,Payment,13
T8530279,C100016,2022-01-17,Other,0
T7450485,C100016,2022-10-03,Content Quality,13
T1743782,C100016,2022-01-23,Login,10
T7106750,C100026,2022-03-29,App Bug,1
T8359938,C100026,2022-07-11,App Bug,4
T3900029,C100026,2023-03-03,Payment,4
T6642583,C100026,2022-11-29,App Bug,10
T4894603,C100037,2022-01-26,App Bug,13
T5456775,C100037,2022-08-27,Content Quality,0
T2477750,C100037,2023-08-20,Content Quality,12
T2311284,C100037,2024-06-17,App Bug,13
T7336625,C100039,2022-09-12,Content Quality,6
T6416692,C100039,2022-10-26,Login,5
T7480098,C100042,2024-01-29,Payment,8
T5477365,C100042,2022-10-12,Content Quality,11
T5586464,C100044,2023-08-23,Login,13
T6508015,C100044,2022-04-09,App Bug,5
T9461441,C100044,2023-10-13,Content Quality,13
T6061034,C100048,2023-04-23,App Bug,0
T9165807,C100048,2023-10-08,Content Quality,8
T2602147,C100048,2023-08-08,Other,14
T1489675,C100048,2023-11-01,App Bug,13
T6771216,C100049,2022-05-23,App Bug,14
T5455064,C100052,2022-06-01,Content Quality,14
T6235802,C100052,2022-03-10,Content Quality,15
T6861647,C100053,2023-05-15,Login,12
T6525365,C100053,2024-04-15,Payment,1
T1306699,C100053,2024-03-12,App Bug,0
T2898499,C100053,2022-07-06,Login,14
T7683349,C100063,2022-12-16,App Bug,2
T6207688,C100063,2022-05-26,Content Quality,13
T3256649,C100063,2023-02-26,App Bug,10
T6818682,C100063,2023-02-27,Login,2
T8079676,C100064,2022-03-10,Other,4
T1493457,C100064,2023-05-29,Payment,5
T2832460,C100064,2023-01-27,App Bug,8
T9822616,C100065,2024-04-12,Login,9
T5815167,C100065,2023-05-27,Login,12
T5598733,C100069,2023-09-14,Content Quality,0
T1682375,C100085,2022-07-04,Login,11
T3825285,C100089,2023-02-05,Other,12
T4530020,C100089,2023-10-08,Login,2
T9570508,C100094,2024-01-07,App Bug,5
T6747100,C100098,2023-07-12,Payment,5
T3787097,C100098,2022-05-18,Payment,6
T4107288,C100099,2022-11-15,App Bug,7
T6214351,C100100,2024-06-12,App Bug,15
T8585307,C100100,2024-04-17,App Bug,0
T9949005,C100100,2022-09-21,Other,7
T7354561,C100101,2022-01-18,Login,1
T4858662,C100101,2022-11-18,Content Quality,10
T2284152,C100105,2022-12-22,Payment,4
T4507076,C100105,2024-05-03,Payment,14
T9755234,C100105,2023-12-14,Payment,8
T5909155,C100106,2023-03-25,Content Quality,2
T1102417,C100111,2022-01-05,Payment,5
T2700717,C100111,2022-02-23,Login,15
T4306809,C100112,2023-10-15,Payment,4
T3479117,C100112,2024-02-08,Other,8
T2335899,C100112,2022-02-27,Other,3
T3899266,C100112,2023-01-22,Payment,0
T1577766,C100113,2023-07-08,Content Quality,14
T3881931,C100113,2022-09-05,App Bug,3
T8780333,C100113,2024-04-14,Payment,11
T1536842,C100113,2023-10-03,Content Quality,14
T8033069,C100115,2023-03-18,Payment,11
T3517534,C100120,2022-02-21,Payment,13
T4523936,C100127,2022-09-23,Content Quality,2
T8176372,C100127,2023-12-17,Payment,3
T2234262,C100127,2024-05-06,Login,13
T3888583,C100129,2024-03-06,Login,3
T7209387,C100129,2023-06-04,Login,5
T5051070,C100129,2023-08-04,Login,1
T8854527,C100134,2023-02-27,Content Quality,12
T2710426,C100134,2023-10-07,Payment,13
T7897167,C100134,2024-04-21,App Bug,3
T1609166,C100135,2023-04-20,Payment,1
T1341202,C100135,2022-04-06,App Bug,5
T8972616,C100135,2022-03-03,App Bug,7
T5451598,C100146,2022-07-15,Login,2
T4859714,C100150,2023-05-24,Payment,15
T9137831,C100150,2022-06-02,App Bug,5
T1476798,C100150,2022-12-19,App Bug,12
T6776060,C100150,2022-07-15,Content Quality,7
T7037208,C100151,2023-12-16,Login,2
T9842468,C100153,2022-06-28,App Bug,5
T1001684,C100158,2022-04-10,Payment,6
T2434696,C100161,2024-06-07,Content Quality,1
T2547487,C100161,2023-08-28,Login,5
T5257395,C100161,2022-03-01,App Bug,10
T4851410,C100161,2024-05-11,Login,15
T5192051,C100165,2022-11-26,Content Quality,10
T5623813,C100165,2024-01-14,Payment,12
T2904087,C100165,2023-07-14,App Bug,13
T8444082,C100170,2024-06-07,Content Quality,7
T4299209,C100170,2023-02-05,App Bug,14
T2069387,C100176,2022-12-06,App Bug,0
T4105055,C100181,2023-06-24,Login,13
T5876514,C100181,2022-03-07,Other,9
T5433694,C100181,2023-02-11,Other,11
T8519887,C100181,2023-01-09,App Bug,11
T7882216,C100183,2022-05-20,Content Quality,13
T2187886,C100188,2023-04-01,Content Quality,8
T2053057,C100188,2023-06-20,Content Quality,5
T6866988,C100188,2023-01-17,Content Quality,4
T7926410,C100197,2023-07-19,Payment,13
T5740371,C100197,2023-06-23,Login,5
T3679491,C100197,2023-04-01,Payment,11
T3499729,C100200,2024-05-09,App Bug,8
T3319761,C100200,2022-01-30,Other,6
T3719532,C100201,2022-05-20,Payment,9
T6250607,C100202,2022-04-18,Content Quality,1
T1800751,C100202,2022-04-20,Payment,4
T5141337,C100202,2024-05-08,Content Quality,9
T6177483,C100202,2022-04-29,Payment,4
T3039304,C100205,2022-02-11,Other,14
T9100864,C100205,2024-04-26,Payment,8
T2637467,C100205,2023-10-01,Payment,5
T7209132,C100207,2023-08-03,Payment,3
T1102169,C100207,2022-04-25,Payment,13
T8573934,C100207,2023-12-18,App Bug,0
T2072227,C100209,2023-09-30,Content Quality,2
T7947108,C100209,2024-02-10,Content Quality,7
T6008443,C100209,2024-03-24,Other,14
T7530811,C100213,2022-10-07,App Bug,14
T4506007,C100213,2023-09-14,App Bug,0
T8747856,C100213,2023-12-13,Other,4
T9147727,C100213,2022-05-01,App Bug,5
T1468658,C100214,2023-05-11,Content Quality,1
T9606344,C100214,2023-02-19,Payment,8
T6050631,C100217,2022-09-11,Payment,11
T8415945,C100217,2023-11-09,App Bug,12
T7128388,C100217,2022-07-15,Payment,14
T2629648,C100217,2022-07-17,App Bug,2
T5837393,C100218,2023-01-10,Payment,5
T7419390,C100218,2022-11-18,Login,15
T2852841,C100224,2023-07-04,App Bug,11
T2304723,C100224,2023-01-31,Payment,6
T3437414,C100226,2023-11-09,Payment,1
T5895844,C100226,2023-12-27,Content Quality,13
T8416066,C100227,2023-01-31,Payment,9
T8888469,C100227,2022-02-04,Login,4
T9868814,C100227,2022-10-22,Login,1
T9107275,C100229,2023-10-02,App Bug,3
T9189559,C100229,2024-03-11,Payment,0
T5262610,C100229,2023-07-08,Payment,2
T3679707,C100229,2022-11-23,Payment,15
T3719991,C100231,2024-01-23,App Bug,15
T1236090,C100231,2022-11-26,Content Quality,14
T4430194,C100231,2023-10-12,Payment,13
T1595742,C100232,2022-07-11,Content Quality,9
T7673032,C100232,2022-02-28,Content Quality,7
T9496029,C100235,2023-10-21,Login,3
T8657302,C100235,2023-10-20,Content Quality,2
T8054418,C100238,2022-08-23,Content Quality,12
T7793468,C100238,2022-04-03,Login,14
T8375791,C100238,2022-04-23,App Bug,13
T8353902,C100238,2024-03-16,Content Quality,2
T7099897,C100243,2023-02-21,Login,15
T1911516,C100243,2022-02-12,App Bug,14
T3316042,C100244,2022-04-24,Content Quality,14
T3358682,C100244,2022-03-16,Login,2
T1319439,C100246,2023-10-29,App Bug,12
T3578707,C100246,2024-02-12,Payment,14
T2832992,C100246,2022-08-13,App Bug,13
T4411604,C100246,2023-05-02,Payment,8
T3124866,C100261,2022-04-19,Content Quality,12
T8989339,C100261,2023-06-09,Login,7
T1211926,C100261,2023-04-27,Login,3
T5466250,C100261,2022-10-04,Payment,14
T6996905,C100273,2023-12-05,Payment,7
T2286694,C100273,2022-08-09,App Bug,15
T5461987,C100276,2024-04-18,Payment,5
T6302948,C100276,2022-05-01,Content Quality,2
T3241878,C100276,2022-03-24,Content Quality,12
T1115245,C100276,2022-03-10,App Bug,2
T7334298,C100279,2022-11-19,App Bug,11
T4570823,C100279,2022-07-15,Other,15
T8837418,C100279,2023-03-15,Login,7
T3630667,C100279,2024-03-31,Login,13
T8552733,C100283,2024-02-29,App Bug,14
T1465188,C100283,2022-08-05,App Bug,2
T3230723,C100283,2022-09-26,Payment,6
T3294959,C100283,2022-12-15,App Bug,15
T2214729,C100286,2023-04-14,App Bug,12
T8314773,C100287,2023-02-15,Content Quality,8
T9867053,C100287,2023-05-08,App Bug,9
T8285548,C100287,2023-06-19,Login,0
T6290953,C100287,2023-10-19,App Bug,12
T7741584,C100290,2023-02-15,Content Quality,12
T9321677,C100292,2023-09-20,Payment,4
T6095183,C100292,2023-09-23,Payment,10
T7889628,C100293,2024-06-10,Other,0
T1874178,C100293,2023-09-08,Payment,2
T5370350,C100293,2023-11-04,Content Quality,0
T6682797,C100295,2023-10-04,App Bug,11
T1021291,C100295,2023-12-05,Other,6
T7698551,C100295,2023-10-19,Payment,6
T3468757,C100295,2023-11-30,Payment,13
T6408550,C100296,2023-05-02,App Bug,0
T5931000,C100296,2022-12-10,Content Quality,6
T8035892,C100297,2024-01-08,Login,0
T9082208,C100297,2022-06-12,Content Quality,8
T6634758,C100302,2023-04-08,Login,8
T6981425,C100302,2024-01-05,App Bug,15
T1305329,C100304,2022-08-07,Other,15
T2093263,C100304,2023-10-16,Login,1
T8552794,C100307,2023-02-27,App Bug,9
T6338743,C100308,2023-05-23,App Bug,4
T1379129,C100308,2022-10-21,Login,15
T5583705,C100308,2023-12-20,Other,3
T7203905,C100308,2022-11-20,Content Quality,0
T6103295,C100314,2022-04-09,Other,3
T7614667,C100314,2023-08-07,Content Quality,9
T2035907,C100315,2024-01-04,Login,9
T4280734,C100315,2024-02-24,Content Quality,12
T5879541,C100315,2023-01-10,Payment,10
T8151286,C100316,2023-12-31,App Bug,1
T3315184,C100317,2023-12-27,Login,4
T6551764,C100317,2023-03-14,App Bug,13
T6072316,C100320,2022-05-18,Content Quality,7
T5664542,C100320,2024-05-26,Login,3
T2091350,C100320,2023-04-20,Payment,9
T1712682,C100320,2023-06-20,Payment,12
T8790167,C100332,2023-07-06,App Bug,11
T5618155,C100332,2023-05-06,App Bug,2
T3913997,C100332,2022-06-24,Payment,15
T9148340,C100332,2023-03-15,Other,0
T1616596,C100340,2022-09-18,Login,1
T9080218,C100346,2023-10-12,Payment,3
T4087655,C100346,2022-10-16,App Bug,14
T4655687,C100346,2022-02-02,Content Quality,2
T6620182,C100350,2024-03-15,Content Quality,7
T4597538,C100350,2022-12-10,Login,4
T5834948,C100350,2024-01-07,Login,3
T7763755,C100351,2023-03-01,Content Quality,5
T1759982,C100351,2023-11-04,Login,13
T6478087,C100351,2023-07-30,Other,12
T1729046,C100351,2023-02-27,Login,0
T2996767,C100356,2024-01-03,Login,4
T3595528,C100357,2022-02-04,Payment,12
T2508997,C100357,2024-06-17,Content Quality,10
T5266267,C100357,2023-01-14,Payment,4
T7003646,C100363,2022-11-16,Payment,4
T6374007,C100372,2023-10-02,Login,4
T1464375,C100372,2023-01-25,Content Quality,10
T2833398,C100372,2023-12-22,Payment,11
T2303387,C100381,2022-08-02,Login,9
T9946136,C100381,2022-09-26,Content Quality,12
T5495093,C100385,2023-01-12,Content Quality,10
T8503275,C100385,2024-02-13,Content Quality,10
T4090582,C100385,2024-04-21,Login,13
T4235547,C100391,2022-10-18,Login,4
T1545750,C100391,2023-09-29,Login,2
T2563170,C100391,2023-12-25,App Bug,13
T5129796,C100392,2022-07-02,Content Quality,10
T8275165,C100392,2024-01-16,App Bug,2
T7410836,C100392,2022-07-19,Content Quality,2
T2715822,C100392,2022-11-29,Login,0
T3488425,C100394,2022-09-22,App Bug,3
T3519066,C100394,2024-03-28,Other,0
T8036470,C100394,2023-09-27,Content Quality,12
T1824909,C100394,2022-02-07,App Bug,15
T6545956,C100398,2024-03-16,App Bug,12
T4161101,C100398,2022-05-22,Payment,9
T7980079,C100398,2023-05-24,Login,9
T6656876,C100402,2024-05-04,Login,14
T7275832,C100402,2023-06-07,App Bug,0
T6641778,C100402,2023-08-17,App Bug,3
T4610477,C100409,2022-01-19,Login,4
T7808375,C100409,2023-02-04,App Bug,4
T6705773,C100409,2024-01-16,Payment,3
T4906331,C100409,2022-02-26,Content Quality,3
T1561536,C100411,2024-04-11,Content Quality,7
T1013039,C100411,2022-08-21,Login,5
T7883460,C100411,2022-10-10,Other,15
T8028183,C100411,2023-05-07,Login,13
T2113837,C100418,2023-09-30,App Bug,0
T3870662,C100420,2023-05-23,Content Quality,5
T9844719,C100420,2022-10-18,App Bug,10
T2936967,C100420,2022-12-26,Other,10
T8516391,C100420,2024-05-14,App Bug,1
T1839661,C100425,2023-11-11,Payment,1
T9260220,C100426,2024-04-16,Payment,1
T9957973,C100426,2022-12-09,App Bug,7
T4678781,C100426,2023-10-31,Content Quality,9
T9232295,C100429,2022-10-19,Payment,11
T8207855,C100429,2022-03-02,Payment,6
T6656557,C100429,2023-02-16,Other,6
T4088269,C100429,2023-08-01,Content Quality,12
T2700494,C100439,2022-10-03,App Bug,12
T1825987,C100439,2022-12-29,Content Quality,13
T5980427,C100439,2024-05-12,Other,6
T4815724,C100439,2023-12-24,App Bug,0
T8142635,C100441,2023-08-07,Other,11
T5629491,C100441,2022-04-13,App Bug,4
T3960268,C100441,2023-01-30,App Bug,14
T6687847,C100441,2022-05-25,Content Quality,13
T2047729,C100444,2022-02-07,Other,4
T3602603,C100444,2023-11-30,Login,8
T2983442,C100446,2023-05-01,Payment,11
T4221433,C100446,2022-12-27,Content Quality,13
T5062329,C100446,2023-05-18,Login,3
T9112071,C100446,2023-12-26,App Bug,9
T3667419,C100449,2022-04-15,Content Quality,13
T4983543,C100449,2024-02-03,Other,13
T8886395,C100450,2022-02-10,App Bug,6
T7222040,C100450,2024-06-05,Other,11
T4902511,C100450,2022-04-13,App Bug,2
T5036220,C100450,2022-01-25,Login,13
T3360666,C100454,2022-04-13,Payment,7
T8924820,C100454,2022-01-10,Other,11
T8537810,C100454,2023-01-23,App Bug,9
T3610976,C100458,2022-09-17,App Bug,4
T7938718,C100458,2023-01-11,Content Quality,6
T7104934,C100458,2023-06-05,App Bug,2
T1479005,C100458,2023-03-22,Login,6
T2362277,C100459,2024-03-05,Login,9
T5628224,C100463,2024-05-11,Payment,1
T3315372,C100463,2022-09-08,Payment,15
T5560549,C100463,2024-01-02,Content Quality,3
T3336732,C100466,2023-01-14,Payment,4
T2241535,C100466,2023-05-27,Login,5
T1158354,C100466,2023-10-08,Other,15
T9691499,C100468,2022-10-28,Other,12
T4173372,C100469,2023-06-05,Content Quality,4
T9457628,C100469,2023-10-15,Other,9
T4228605,C100469,2022-11-27,Content Quality,3
T3776850,C100469,2024-02-15,Login,3
T8096052,C100478,2024-01-23,Content Quality,14
T2111756,C100478,2022-02-12,Other,15
T2456454,C100479,2023-12-12,Content Quality,8
T8820228,C100479,2023-10-24,App Bug,9
T1699599,C100479,2022-09-23,Content Quality,1
T5192109,C100480,2023-12-05,Login,2
T3714180,C100480,2023-11-18,App Bug,4
T8003954,C100480,2022-06-17,Content Quality,9
T3772506,C100482,2023-03-29,Content Quality,9
T6170299,C100482,2023-10-12,Login,11
T9075443,C100485,2022-11-08,Payment,13
T5697820,C100485,2023-11-01,Content Quality,10
T6354424,C100486,2022-06-04,Login,6
T8934503,C100486,2024-01-16,Login,15
T8417179,C100489,2024-02-16,App Bug,2
T5829812,C100489,2023-01-25,App Bug,8
T6771143,C100489,2022-09-05,Login,3
T7029196,C100489,2022-10-21,Other,9
T6868692,C100494,2022-12-30,Login,10
T2647239,C100494,2023-08-09,Other,1
T5492860,C100494,2022-08-14,Content Quality,15
T2179009,C100502,2022-05-07,Payment,7
T2756415,C100506,2022-07-10,Content Quality,13
T3338618,C100507,2023-03-06,App Bug,11
T8643524,C100507,2022-04-04,App Bug,6
T2676111,C100507,2024-05-10,Other,0
T9679086,C100507,2022-06-01,Payment,7
T8332793,C100508,2022-05-27,Payment,10
T1926747,C100510,2022-01-02,Payment,14
T5291063,C100517,2022-12-31,Content Quality,9
T1890425,C100518,2024-06-12,Login,1
T7384261,C100518,2023-07-09,Payment,13
T3611476,C100523,2023-01-23,Login,4
T5053841,C100523,2024-06-16,App Bug,7
T9791997,C100536,2023-06-20,Content Quality,11
T8843705,C100536,2022-02-22,Content Quality,6
T7177645,C100536,2022-06-03,App Bug,14
T3778833,C100541,2023-05-04,App Bug,13
T3158135,C100541,2023-09-13,Payment,11
T4523412,C100541,2022-07-10,Content Quality,4
T7791323,C100541,2022-02-10,Content Quality,13
T1562294,C100542,2022-12-15,Login,15
T2163694,C100542,2022-01-12,Payment,4
T8979049,C100544,2022-02-16,Content Quality,11
T9586346,C100544,2023-06-16,App Bug,5
T3445053,C100544,2022-05-14,Content Quality,15
T6382654,C100545,2023-06-09,Content Quality,7
T9303888,C100545,2022-03-06,Content Quality,10
T8897282,C100545,2023-06-02,Login,15
T4906679,C100546,2022-12-26,Content Quality,12
T9066153,C100551,2024-06-14,App Bug,6
T7792839,C100551,2023-03-29,App Bug,15
T3055463,C100554,2023-03-30,Payment,8
T7780446,C100554,2023-12-02,Login,11
T1554029,C100554,2024-04-25,Login,2
T4240781,C100554,2022-07-10,Content Quality,10
T5560098,C100556,2022-07-21,Payment,14
T4693726,C100556,2022-02-07,App Bug,9
T3361736,C100557,2023-01-21,App Bug,11
T4885141,C100557,2023-11-24,Payment,12
T9221175,C100559,2024-03-24,Login,14
T5920645,C100559,2023-10-11,Login,10
T5623643,C100559,2023-08-07,Payment,3
T9996695,C100559,2023-05-29,Content Quality,7
T4238594,C100562,2023-08-24,Payment,5
T5905299,C100563,2022-10-19,App Bug,2
T6961714,C100563,2023-05-03,Payment,11
T6631198,C100563,2022-05-13,App Bug,7
T2112692,C100563,2023-09-08,App Bug,5
T4228878,C100568,2024-02-17,Login,1
T7872202,C100572,2024-06-08,Login,1
T3927175,C100572,2023-11-10,Content Quality,15
T8951821,C100572,2023-06-15,Content Quality,1
T5192734,C100572,2022-07-23,Login,4
T9403831,C100574,2024-06-14,Login,6
T7780983,C100574,2023-10-07,Login,6
T4306828,C100574,2022-02-10,Login,4
T5898711,C100580,2022-01-24,App Bug,7
T7579571,C100580,2022-09-05,Content Quality,4
T2915297,C100580,2024-01-24,App Bug,14
T6312160,C100580,2024-01-20,Other,0
T7539889,C100587,2023-11-22,App Bug,11
T3042986,C100588,2022-03-28,Payment,8
T7818029,C100588,2022-06-17,Login,14
T2658893,C100599,2023-07-16,Login,5
T8665417,C100599,2023-04-08,Login,8
T3053680,C100599,2023-09-27,Content Quality,15
T6459434,C100599,2023-03-11,Login,10
T3432490,C100603,2023-02-24,Content Quality,15
T2995822,C100604,2022-10-19,Other,11
T9923561,C100606,2022-07-31,Content Quality,7
T7733952,C100606,2022-04-23,Login,15
T4936499,C100607,2022-02-05,Login,14
T9243160,C100608,2023-10-20,Content Quality,1
T5263959,C100608,2024-01-27,Login,3
T7002379,C100608,2024-01-13,App Bug,2
T6489509,C100609,2022-11-01,Payment,11
T1579917,C100609,2022-05-31,Content Quality,0
T6883913,C100609,2022-07-22,Login,5
T1338001,C100609,2023-10-18,Other,11
T3604744,C100614,2024-04-26,Content Quality,13
T1036614,C100614,2022-09-05,Payment,6
T9337922,C100615,2023-10-04,Content Quality,2
T7869578,C100615,2024-05-10,App Bug,8
T7756696,C100616,2024-03-09,Other,3
T6920788,C100616,2022-05-31,Content Quality,15
T9983016,C100616,2023-09-17,App Bug,3
T2969175,C100618,2024-03-11,Content Quality,13
T4341606,C100618,2022-01-30,Payment,1
T5035803,C100621,2023-02-17,Other,2
T5897388,C100621,2022-03-31,Content Quality,0
T3853475,C100621,2024-05-29,Login,3
T7925211,C100627,2024-05-13,App Bug,2
T9201067,C100627,2023-04-23,Login,3
T9603212,C100627,2022-06-22,Login,7
T3215835,C100627,2022-09-09,Other,7
T4448540,C100630,2024-02-16,Content Quality,2
T9010499,C100630,2024-02-05,Content Quality,15
T5601447,C100633,2024-01-17,Other,5
T2133448,C100638,2022-06-04,Login,8
T7856188,C100638,2022-05-04,App Bug,6
T6252222,C100638,2024-06-04,Payment,1
T3334705,C100638,2023-11-26,Content Quality,2
T3017861,C100640,2023-01-22,Payment,3
T2079131,C100649,2024-02-14,Login,4
T5537323,C100649,2024-03-16,Other,8
T3087615,C100649,2023-01-03,Content Quality,12
T7837579,C100650,2024-04-13,Payment,10
T8796840,C100650,2022-09-11,Payment,0
T3553491,C100650,2023-10-02,App Bug,6
T4741605,C100655,2023-10-03,Login,5
T5090937,C100655,2024-02-10,Content Quality,12
T6002163,C100658,2022-07-28,Login,4
T2113249,C100658,2022-12-29,Payment,15
T3042937,C100658,2022-03-03,Content Quality,6
T7264584,C100662,2022-05-04,Login,11
T6873883,C100662,2024-02-18,Login,4
T9474404,C100665,2024-06-15,Payment,15
T2713375,C100666,2024-02-17,Payment,12
T2153909,C100667,2022-11-13,Other,3
T3189557,C100669,2023-11-08,Login,12
T2986193,C100670,2023-03-12,Payment,1
T5487448,C100672,2023-04-28,Other,13
T8879438,C100672,2024-05-30,Login,14
T1423413,C100672,2023-06-08,Payment,6
T4261199,C100672,2022-10-19,Login,3
T6099135,C100674,2023-12-14,Payment,7
T7094735,C100674,2023-01-11,Other,14
T6029053,C100676,2023-03-27,App Bug,15
T9238197,C100676,2022-03-27,App Bug,14
T6364830,C100676,2022-04-20,Other,10
T7578907,C100681,2024-03-08,App Bug,12
T2792309,C100681,2022-08-27,Payment,3
T9941651,C100681,2022-11-30,Content Quality,13
T3676249,C100682,2023-12-22,Content Quality,12
T5219902,C100682,2022-07-27,Content Quality,6
T3641979,C100683,2023-03-18,Login,0
T5744593,C100683,2024-04-12,App Bug,4
T2179156,C100685,2022-05-29,Payment,14
T4478886,C100685,2024-02-25,Login,3
T2131602,C100685,2022-02-21,Payment,14
T4066271,C100686,2023-12-13,Payment,9
T9006787,C100686,2024-03-19,Content Quality,3
T8978927,C100688,2024-02-25,Login,7
T2013206,C100688,2023-09-22,Login,6
T7504691,C100688,2022-04-16,Login,14
T3957756,C100688,2024-03-07,Content Quality,3
T5850623,C100694,2024-03-22,Payment,7
T1342614,C100694,2022-03-26,App Bug,11
T5811784,C100707,2024-01-03,Content Quality,4
T3234942,C100707,2023-11-13,Other,15
T7169934,C100707,2022-02-10,Content Quality,11
T6387886,C100711,2024-01-08,Payment,7
T4702667,C100716,2022-10-07,Content Quality,10
T5128067,C100716,2024-01-02,Login,5
T2716960,C100716,2022-02-02,Login,15
T7930285,C100716,2023-05-16,Payment,14
T5232624,C100718,2023-10-30,App Bug,2
T7211574,C100718,2022-03-13,App Bug,7
T1035000,C100718,2023-10-09,App Bug,3
T1945973,C100719,2024-01-13,App Bug,14
T7471109,C100719,2022-07-18,Login,12
T1866676,C100719,2022-07-02,App Bug,13
T3539194,C100719,2023-10-24,Other,15
T1197111,C100720,2023-04-11,App Bug,13
T5361618,C100720,2023-04-27,App Bug,11
T8608620,C100720,2022-01-14,App Bug,2
T3232819,C100722,2023-01-01,App Bug,13
T6826342,C100722,2023-11-24,Payment,11
T1130075,C100729,2024-05-08,App Bug,1
T7001588,C100729,2024-06-10,Other,13
T9089499,C100733,2022-01-21,App Bug,8
T4421900,C100733,2022-07-23,Content Quality,14
T8539399,C100733,2022-06-11,Login,0
T3954586,C100737,2023-09-27,Other,9
T4271010,C100737,2022-06-21,Login,9
T3172621,C100737,2022-09-14,Login,7
T1615493,C100740,2022-03-06,Content Quality,12
T9166935,C100740,2022-07-26,Content Quality,2
T3050044,C100740,2023-12-07,App Bug,13
T5072469,C100740,2023-06-19,Content Quality,6
T4659760,C100750,2022-02-26,Content Quality,8
T2041867,C100750,2024-02-12,Login,11
T9889005,C100750,2023-07-20,App Bug,14
T2911580,C100755,2024-04-10,Login,14
T3178137,C100755,2022-08-13,Content Quality,7
T5586119,C100762,2022-11-09,App Bug,0
T7104862,C100762,2023-11-23,App Bug,7
T8478529,C100766,2022-08-04,Content Quality,15
T4854715,C100766,2022-07-29,Content Quality,10
T9907653,C100768,2023-09-20,Login,10
T9451997,C100768,2023-08-06,Content Quality,2
T6871893,C100771,2022-03-10,Payment,10
T9189829,C100771,2023-02-25,Content Quality,8
T6050128,C100771,2023-02-18,Payment,4
T7567925,C100775,2022-09-03,Payment,9
T1640143,C100775,2023-04-20,Content Quality,8
T9790306,C100775,2024-04-04,Content Quality,15
T5927947,C100775,2022-03-03,Payment,4
T5890949,C100782,2023-09-28,Content Quality,8
T8080010,C100782,2023-03-30,Other,6
T5018825,C100783,2023-05-16,App Bug,0
T8522917,C100783,2022-09-18,App Bug,1
T5089243,C100783,2022-04-27,App Bug,0
T8611643,C100783,2022-07-23,App Bug,13
T8850794,C100788,2023-09-02,Content Quality,0
T6565582,C100788,2024-03-15,App Bug,14
T8512913,C100788,2023-08-17,App Bug,6
T1343193,C100788,2022-04-13,Payment,1
T3787201,C100791,2023-03-09,App Bug,5
T7165384,C100791,2022-11-22,Content Quality,15
T3493708,C100793,2022-09-13,Content Quality,4
T9503512,C100794,2022-08-14,Content Quality,13
T1507082,C100797,2023-03-20,Content Quality,15
T6175905,C100797,2022-01-15,Login,2
T6399648,C100797,2023-12-09,Content Quality,15
T5240438,C100797,2022-06-13,Other,2
T1842162,C100821,2024-02-27,Content Quality,15
T7000597,C100825,2023-02-20,App Bug,2
T4764500,C100825,2024-06-08,Content Quality,0
T8874781,C100825,2024-05-08,Login,5
T1491858,C100833,2023-03-28,Content Quality,5
T4348469,C100840,2023-02-28,Payment,13
T8848636,C100840,2022-04-25,Content Quality,3
T9816870,C100842,2022-12-14,App Bug,3
T9257704,C100842,2024-03-16,Login,3
T6001069,C100843,2022-06-07,Login,10
T4153917,C100843,2022-01-13,Content Quality,10
T9978990,C100843,2023-04-10,Content Quality,6
T4357169,C100845,2023-12-23,Payment,10
T1387852,C100848,2022-10-31,Content Quality,1
T8679445,C100848,2022-12-03,Content Quality,15
T6081321,C100848,2023-09-12,Content Quality,7
T3729573,C100849,2022-06-25,Payment,15
T2414452,C100849,2023-12-29,Content Quality,3
T8822983,C100849,2022-01-14,Content Quality,9
T4971028,C100852,2024-02-21,Payment,0
T1113572,C100852,2022-07-03,Other,0
T7796850,C100852,2023-03-10,Login,11
T3280639,C100854,2022-11-07,Payment,0
T1161139,C100856,2023-04-22,Content Quality,8
T9756724,C100856,2022-06-10,Content Quality,9
T6305066,C100856,2023-05-29,Login,1
T5961073,C100858,2022-05-22,App Bug,10
T4976966,C100858,2022-01-21,Content Quality,4
T1896162,C100858,2024-01-10,App Bug,0
T6322287,C100858,2023-06-25,Content Quality,14
T7428739,C100860,2022-06-13,Content Quality,9
T7291466,C100860,2022-10-11,Content Quality,9
T2947361,C100861,2022-05-09,App Bug,4
T6730134,C100862,2023-03-23,Content Quality,6
T7021864,C100862,2023-10-08,Login,15
T8888414,C100862,2022-04-27,App Bug,13
T1215707,C100862,2022-05-20,App Bug,5
T1276706,C100867,2023-06-17,App Bug,15
T3359803,C100867,2022-09-29,Other,12
T1147873,C100867,2023-05-30,App Bug,3
T6841060,C100869,2023-05-05,Login,8
T6834837,C100869,2023-04-08,App Bug,1
T2277843,C100869,2022-08-14,Payment,13
T9642403,C100869,2023-10-10,Content Quality,3
T1235148,C100871,2022-11-15,App Bug,13
T1112114,C100871,2023-07-28,App Bug,3
T1435246,C100871,2022-06-29,App Bug,0
T1347442,C100871,2022-08-04,Content Quality,3
T7810156,C100874,2023-03-30,App Bug,10
T6574307,C100874,2023-09-30,Login,9
T5845723,C100874,2024-06-14,Login,1
T2132375,C100878,2022-06-16,Payment,6
T6151409,C100878,2022-01-28,Content Quality,2
T1285985,C100878,2023-07-23,Other,9
T3223340,C100878,2023-07-25,App Bug,13
T3630083,C100879,2023-03-06,Content Quality,1
T9377405,C100879,2024-04-11,Content Quality,7
T6114979,C100879,2024-05-22,Login,7
T7563948,C100880,2023-01-11,Other,7
T9452471,C100883,2023-03-07,Login,4
T6880754,C100883,2023-10-06,Content Quality,4
T5093130,C100883,2024-04-22,App Bug,3
T5725443,C100883,2022-12-18,Payment,15
T6977683,C100885,2024-03-19,Other,10
T8511101,C100885,2024-04-06,Login,11
T5599364,C100893,2023-04-28,Content Quality,8
T3217265,C100894,2023-08-06,Login,0
T3293832,C100894,2022-07-10,Payment,5
T3424272,C100894,2022-05-07,Payment,7
T8597064,C100894,2023-11-26,Content Quality,0
T9414216,C100896,2023-06-22,Login,15
T1993223,C100896,2024-03-25,App Bug,5
T2025587,C100899,2022-05-23,Payment,13
T2923322,C100899,2024-05-16,App Bug,0
T9795400,C100899,2024-02-12,Other,9
T7473225,C100900,2024-04-08,App Bug,15
T9126076,C100905,2022-07-16,Login,15
T7763032,C100905,2022-07-30,App Bug,9
T2951556,C100905,2022-05-29,App Bug,14
T6614103,C100905,2023-07-14,Content Quality,15
T1323957,C100906,2023-06-12,Payment,8
T4748882,C100906,2023-12-23,App Bug,12
T1889464,C100911,2023-07-22,Content Quality,13
T2490345,C100911,2023-09-10,Login,2
T6369560,C100918,2024-03-01,Payment,6
T1163829,C100918,2023-05-23,Payment,0
T2860006,C100918,2022-09-15,Other,1
T4363821,C100918,2022-06-27,App Bug,7
T3112278,C100923,2023-09-11,App Bug,15
T1829553,C100923,2023-04-28,App Bug,7
T4906903,C100923,2023-07-20,Content Quality,2
T4757576,C100923,2023-11-18,App Bug,13
T4716676,C100929,2022-06-01,Payment,2
T1504001,C100929,2023-09-08,Content Quality,2
T2397726,C100929,2022-02-09,Content Quality,11
T5555828,C100929,2022-12-28,App Bug,0
T9114517,C100937,2022-04-10,Login,8
T5880085,C100937,2023-05-11,Login,0
T8955755,C100937,2024-03-26,App Bug,5
T3391702,C100937,2022-09-07,App Bug,11
T7653732,C100938,2022-09-12,Payment,4
T1414473,C100938,2022-07-23,Payment,10
T8460813,C100938,2024-02-17,App Bug,12
T1841715,C100938,2022-06-04,Login,14
T5069072,C100939,2024-04-18,Payment,3
T7132051,C100939,2023-06-30,Login,10
T2699533,C100939,2022-06-27,Content Quality,13
T7198369,C100939,2022-05-26,App Bug,7
T9254374,C100942,2023-11-27,App Bug,9
T3244296,C100942,2022-07-10,Login,8
T5900230,C100942,2022-07-28,App Bug,1
T7478712,C100945,2022-05-26,Content Quality,5
T4718514,C100945,2023-02-24,App Bug,9
T6024979,C100945,2022-09-18,Login,6
T7216832,C100946,2022-01-19,App Bug,9
T8607998,C100951,2023-10-15,Other,15
T3836660,C100951,2024-03-14,Content Quality,12
T6194120,C100957,2022-07-19,App Bug,10
T8705079,C100957,2023-12-15,Login,3
T8786695,C100957,2022-01-24,App Bug,3
T9603604,C100957,2023-04-15,Login,0
T3250930,C100961,2023-05-03,App Bug,4
T2288279,C100961,2022-07-26,Login,8
T5919643,C100961,2023-02-27,Content Quality,4
T7619171,C100962,2023-04-02,App Bug,11
T4826231,C100968,2022-11-03,Other,9
T5546786,C100968,2023-12-11,Payment,14
T5157096,C100973,2023-02-22,Payment,14
T8172078,C100973,2023-07-17,Content Quality,3
T1087705,C100973,2022-07-06,App Bug,8
T9281401,C100973,2022-12-28,Login,15
T3085220,C100985,2024-02-07,Other,2
T4180424,C100992,2023-10-08,App Bug,12
T5466716,C100993,2024-03-01,Payment,13
T4971263,C100996,2023-07-24,App Bug,10
T1902313,C100996,2024-03-17,Content Quality,4
T2815126,C101001,2022-07-26,Login,8
T4833796,C101001,2022-04-02,Other,10
T1571205,C101001,2024-02-01,Content Quality,6
T8562050,C101001,2023-12-07,App Bug,10
T1265141,C101002,2022-06-30,Content Quality,2
T9282635,C101003,2023-01-30,Payment,15
T6356605,C101004,2023-07-12,Content Quality,5
T4950990,C101004,2023-11-24,Payment,14
T6202094,C101004,2024-02-27,Payment,14
T3047355,C101004,2023-03-02,App Bug,3
T2042343,C101013,2022-03-18,App Bug,11
T9028497,C101015,2022-01-22,Content Quality,13
T7918573,C101015,2024-01-11,App Bug,15
T7344775,C101015,2023-06-20,Payment,3
T4809165,C101020,2023-04-12,App Bug,6
T1766799,C101020,2022-05-06,Content Quality,14
T1671083,C101024,2022-03-30,App Bug,15
T8681139,C101024,2023-03-31,Login,6
T2328418,C101026,2022-09-28,Login,8
T2518329,C101026,2022-11-13,Login,5
T7196845,C101026,2023-05-08,Content Quality,15
T9990857,C101026,2024-04-15,App Bug,0
T4309426,C101027,2022-02-28,Login,10
T7111843,C101027,2022-06-17,App Bug,2
T7011618,C101028,2024-04-30,Other,10
T7714423,C101028,2022-11-16,App Bug,15
T1944652,C101028,2024-06-10,App Bug,0
T8963057,C101028,2022-10-21,Content Quality,11
T9704346,C101032,2024-03-17,Payment,0
T8698015,C101032,2023-07-30,Payment,1
T7574779,C101033,2022-05-04,App Bug,6
T9890197,C101035,2022-01-10,Login,6
T6756698,C101036,2022-07-18,Content Quality,4
T8531985,C101036,2024-06-04,App Bug,0
T6483313,C101036,2022-02-16,Content Quality,13
T6231341,C101043,2022-05-24,App Bug,3
T5388337,C101043,2024-04-09,App Bug,8
T5724136,C101043,2023-03-26,Login,12
T1486212,C101043,2023-09-28,Other,11
T2057707,C101045,2023-11-10,Login,6
T6411776,C101045,2023-08-09,Payment,15
T6489722,C101049,2022-07-14,App Bug,12
T5485173,C101049,2022-05-10,Content Quality,3
T2663788,C101051,2022-08-29,Payment,5
T9696221,C101051,2023-04-20,Login,12
T7139004,C101051,2023-09-26,Payment,13
T8866212,C101051,2023-06-09,Content Quality,12
T9966422,C101054,2023-01-28,Content Quality,1
T9687308,C101054,2024-01-19,Login,10
T7846138,C101054,2024-01-27,Payment,13
T4662840,C101056,2024-05-24,App Bug,9
T8985768,C101056,2023-06-23,Content Quality,12
T5512182,C101056,2024-02-06,Content Quality,0
T1862871,C101056,2022-05-08,App Bug,10
T3074797,C101061,2022-11-08,Other,0
T3456506,C101061,2022-06-10,Content Quality,1
T9966992,C101061,2023-01-10,App Bug,7
T6420577,C101061,2022-11-26,App Bug,15
T3903397,C101065,2023-01-21,Content Quality,14
T4023601,C101065,2022-09-08,Content Quality,14
T1074757,C101070,2023-01-10,App Bug,2
T8908446,C101070,2024-06-14,App Bug,5
T6467903,C101073,2023-09-16,Other,13
T9225282,C101079,2023-03-18,App Bug,7
T6706091,C101079,2023-02-14,Content Quality,8
T3001883,C101082,2022-08-08,Other,2
T3854528,C101082,2022-04-02,Login,0
T3377653,C101082,2024-05-14,Content Quality,14
T3983896,C101082,2022-06-23,Payment,3
T1264015,C101093,2024-04-21,Login,10
T7627455,C101093,2023-07-06,Login,7
T5876077,C101093,2022-11-24,Content Quality,13
T8203783,C101095,2023-01-28,Content Quality,4
T3554274,C101095,2022-09-21,Login,13
T4417003,C101102,2023-03-10,Login,6
T2411490,C101102,2023-05-29,Payment,5
T9854017,C101102,2022-06-01,Content Quality,0
T4107624,C101102,2022-01-10,Payment,7
T4279801,C101104,2022-01-22,Content Quality,2
T2113314,C101104,2022-10-20,Payment,14
T5114974,C101104,2023-11-17,Payment,7
T2888320,C101104,2023-02-03,Login,5
T2525632,C101105,2022-07-26,App Bug,8
T5692323,C101105,2022-12-18,Login,14
T5046791,C101107,2022-06-11,App Bug,10
T8371765,C101107,2023-07-29,App Bug,4
T1353250,C101107,2022-12-23,Login,12
T4693507,C101109,2022-05-17,Login,14
T1270174,C101109,2024-04-17,App Bug,0
T6239650,C101111,2023-02-05,Content Quality,9
T1167536,C101111,2022-08-21,App Bug,2
T4805920,C101111,2022-12-03,Other,7
T3241466,C101114,2023-12-10,Login,13
T1656608,C101114,2023-01-05,Content Quality,0
T6173037,C101115,2023-06-02,App Bug,7
T1960282,C101120,2024-02-23,Content Quality,12
T6818042,C101129,2023-01-29,App Bug,12
T9270370,C101130,2023-11-20,Payment,9
T8378480,C101134,2023-03-21,Content Quality,15
T4329514,C101135,2023-10-18,Content Quality,13
T9157341,C101135,2023-02-03,App Bug,1
T4492184,C101135,2023-04-01,Content Quality,9
T9562873,C101137,2024-01-15,App Bug,6
T4346071,C101138,2024-06-17,Content Quality,15
T7236331,C101138,2023-08-14,Other,7
T7013421,C101145,2022-08-18,App Bug,5
T8557386,C101145,2023-02-10,Payment,10
T6914779,C101145,2023-02-02,Other,5
T1125921,C101145,2023-09-29,App Bug,11
T4263815,C101146,2024-03-29,Other,12
T8295267,C101147,2022-10-03,Content Quality,0
T6730402,C101150,2022-04-10,App Bug,0
T7631585,C101151,2022-06-23,Login,8
T8020666,C101151,2024-06-11,App Bug,4
T2707701,C101151,2023-04-06,Payment,13
T6888938,C101151,2023-04-12,Login,4
T5409070,C101154,2024-05-06,Payment,2
T9343978,C101154,2023-01-14,Payment,5
T9319851,C101154,2022-08-29,Login,8
T3502653,C101155,2022-10-17,Login,10
T2609252,C101155,2023-07-08,App Bug,10
T9249696,C101155,2023-09-22,Payment,9
T6469232,C101155,2023-03-15,Payment,2
T7642494,C101160,2024-03-16,Login,0
T9973258,C101162,2023-11-19,App Bug,15
T6082687,C101162,2023-07-26,Login,3
T9285320,C101162,2023-12-12,Content Quality,4
T9708891,C101164,2022-05-17,Other,4
T9424645,C101164,2024-06-16,App Bug,0
T9880273,C101164,2023-11-27,Content Quality,5
T1639011,C101166,2023-11-10,Content Quality,4
T3499929,C101166,2022-12-24,App Bug,1
T9668249,C101167,2024-03-05,App Bug,0
T3712941,C101167,2022-10-24,App Bug,13
T1007958,C101173,2023-05-23,Login,14
T9461481,C101173,2023-11-08,Login,10
T1620406,C101173,2023-10-28,Content Quality,13
T7427808,C101173,2022-03-14,Other,2
T8706222,C101174,2022-05-05,Content Quality,2
T4083317,C101174,2023-03-21,App Bug,12
T4818968,C101180,2024-06-17,Other,9
T6228283,C101180,2022-11-08,Payment,12
T6317124,C101181,2023-08-05,Content Quality,9
T7174215,C101181,2023-09-01,Payment,14
T2129557,C101181,2024-04-16,Login,2
T1175422,C101181,2023-03-28,Other,9
T3040806,C101186,2023-01-31,Content Quality,8
T2207142,C101186,2022-12-09,Other,6
T2588703,C101187,2022-06-04,Login,3
T7324817,C101187,2023-12-18,Content Quality,15
T3146019,C101193,2023-05-14,App Bug,13
T6900102,C101194,2023-06-09,App Bug,2
T5884185,C101194,2023-03-08,Other,1
T8127451,C101194,2023-10-19,Payment,9
T1863770,C101194,2022-02-04,Other,10
T3874574,C101200,2023-05-30,Other,15
T3350919,C101200,2024-03-11,App Bug,8
T5760028,C101204,2023-03-19,Content Quality,15
T5526674,C101204,2022-06-16,Payment,7
T3598801,C101204,2024-03-25,Payment,10
T6396305,C101204,2024-03-26,App Bug,15
T4326484,C101210,2022-12-27,App Bug,7
T7159423,C101210,2022-09-19,App Bug,5
T4475681,C101210,2024-03-09,Payment,2
T9199095,C101210,2023-05-30,App Bug,3
T9709937,C101221,2023-02-21,Payment,1
T3285276,C101221,2023-04-29,Login,10
T8424088,C101221,2023-04-26,Content Quality,11
T2221209,C101221,2024-05-12,Other,6
T4147897,C101222,2023-03-05,Login,13
T8084548,C101222,2023-05-26,Payment,4
T4641784,C101222,2022-04-17,Content Quality,13
T9160457,C101232,2022-11-27,Content Quality,12
T9963399,C101232,2023-09-06,Other,15
T2129680,C101232,2022-11-17,Other,3
T2124792,C101240,2022-01-31,Payment,9
T9264941,C101240,2022-10-06,Payment,3
T8690702,C101240,2023-01-09,Payment,15
T2261957,C101240,2023-11-06,App Bug,8
T8622243,C101246,2024-06-16,Content Quality,14
T3389026,C101248,2022-04-16,Payment,12
T1484156,C101248,2022-09-16,App Bug,10
T5144036,C101248,2024-05-19,Content Quality,11
T3924292,C101249,2024-05-12,Content Quality,4
T7806387,C101249,2023-04-19,Login,15
T8631876,C101250,2022-11-30,Login,5
T6658995,C101251,2022-10-13,Login,7
T8306646,C101251,2022-05-13,Content Quality,2
T7745515,C101251,2024-04-26,Content Quality,2
T5323168,C101251,2023-04-25,Other,7
T2678871,C101255,2023-12-28,Payment,0
T6269228,C101255,2022-12-29,Payment,8
T9244043,C101255,2024-05-28,Login,1
T7979426,C101255,2022-02-26,Payment,15
T8002064,C101258,2024-04-10,Other,4
T6793476,C101258,2022-01-26,Login,13
T5345527,C101260,2024-05-27,Payment,1
T8590969,C101260,2024-03-01,Login,13
T3701028,C101260,2022-05-31,Login,14
T3671774,C101260,2022-03-29,Login,5
T8645920,C101264,2024-02-11,Login,5
T6029777,C101264,2023-01-18,App Bug,1
T9269119,C101264,2023-03-27,Payment,8
T9890911,C101264,2023-07-06,Other,2
T8746138,C101271,2022-05-19,App Bug,15
T8781801,C101272,2024-02-13,App Bug,9
T3823829,C101272,2023-11-27,App Bug,15
T5443660,C101272,2023-07-03,Payment,6
T8892328,C101272,2023-05-05,Payment,5
T7414223,C101276,2023-12-12,Payment,10
T8402044,C101283,2022-11-01,Login,1
T5421280,C101283,2023-01-18,Login,14
T4203434,C101283,2022-12-13,Payment,8
T9102464,C101283,2022-02-06,App Bug,6
T7309454,C101284,2022-12-20,Content Quality,7
T3324579,C101284,2022-05-28,Login,2
T9049583,C101284,2023-10-15,Login,2
T5494912,C101288,2023-08-03,App Bug,1
T9052944,C101289,2023-08-06,App Bug,14
T5158345,C101289,2023-01-03,Other,6
T8427395,C101289,2023-01-29,App Bug,7
T9807125,C101294,2023-05-15,App Bug,3
T9447054,C101294,2022-08-03,Other,4
T4898454,C101294,2024-02-08,App Bug,3
T2662633,C101294,2024-06-07,Login,13
T8491875,C101309,2022-07-05,App Bug,0
T8921229,C101309,2023-02-13,Payment,15
T9484558,C101311,2022-07-04,Content Quality,10
T8557715,C101311,2022-03-03,Login,14
T3348013,C101311,2022-02-09,Content Quality,6
T5349289,C101313,2024-01-08,Payment,13
T6779299,C101316,2022-03-31,Login,9
T2526016,C101318,2024-01-19,Content Quality,5
T4052289,C101318,2023-10-18,Login,13
T8490505,C101318,2023-11-25,Login,6
T3024563,C101319,2024-01-18,Login,8
T3500753,C101319,2024-04-14,Content Quality,13
T6351781,C101319,2024-01-19,App Bug,3
T9454587,C101320,2023-12-18,Login,1
T3970766,C101320,2024-05-10,App Bug,0
T4565971,C101320,2022-07-05,App Bug,2
T7891821,C101323,2023-08-07,Login,2
T2882365,C101324,2022-03-05,Content Quality,9
T4882411,C101324,2024-02-01,Other,10
T6358211,C101328,2023-02-24,Other,15
T1801077,C101329,2023-06-17,App Bug,3
T6675656,C101329,2023-03-03,Other,9
T6805894,C101332,2024-05-03,Content Quality,9
T1115746,C101332,2024-02-01,Other,11
T8249840,C101332,2022-08-20,App Bug,0
T1139786,C101335,2022-09-25,App Bug,11
T3644932,C101335,2023-12-02,Login,3
T8926474,C101335,2023-04-07,Login,5
T4116994,C101338,2023-08-16,Login,7
T5750585,C101338,2024-01-10,Login,13
T3354238,C101342,2022-07-14,Content Quality,14
T5080112,C101342,2022-11-01,Content Quality,0
T8449100,C101342,2023-11-06,Payment,12
T7442258,C101342,2024-01-14,App Bug,14
T9708891,C101345,2022-04-12,App Bug,9
T1896729,C101356,2024-05-15,Login,8
T8964345,C101356,2023-11-19,Other,12
T3592921,C101356,2023-01-03,Content Quality,0
T8618399,C101359,2024-02-19,Payment,3
T1993631,C101359,2023-06-30,Other,6
T9652607,C101359,2023-10-15,App Bug,2
T5807946,C101363,2022-03-03,App Bug,10
T7746136,C101365,2023-08-29,Other,1
T1922453,C101367,2022-11-19,Payment,14
T8617414,C101367,2023-12-10,Payment,10
T3431279,C101367,2024-03-07,Login,5
T2242203,C101367,2024-04-12,App Bug,14
T2125933,C101373,2022-01-12,App Bug,12
T8227694,C101373,2022-07-27,Payment,8
T5050061,C101374,2024-06-19,Other,6
T2376248,C101374,2023-03-24,Payment,3
T6313353,C101374,2022-09-01,Login,10
T8306985,C101374,2023-09-03,App Bug,11
T2919570,C101379,2023-11-22,App Bug,9
T8784027,C101379,2024-05-25,Other,12
T4979505,C101379,2022-07-09,Other,1
T5855439,C101380,2022-03-01,Content Quality,13
T8144308,C101380,2022-03-13,Payment,14
T9118233,C101380,2023-11-26,Login,2
T7829696,C101380,2024-06-18,App Bug,8
T8045966,C101381,2022-09-27,Payment,1
T4356786,C101385,2023-03-16,App Bug,4
T9702278,C101385,2022-05-31,Login,0
T3531328,C101393,2023-05-13,Content Quality,1
T8281114,C101393,2023-08-02,App Bug,15
T8079437,C101393,2022-09-08,Other,12
T4519959,C101395,2023-01-19,Payment,14
T7508255,C101395,2024-04-16,Content Quality,14
T5065583,C101395,2022-01-26,Login,5
T6061619,C101395,2023-05-08,Content Quality,2
T6356132,C101398,2023-11-22,Payment,0
T4682476,C101398,2022-12-18,Login,0
T4221414,C101398,2023-07-18,Content Quality,6
T7305020,C101398,2024-04-25,Payment,1
T9187932,C101405,2024-06-17,Payment,1
T3670802,C101405,2022-09-04,App Bug,5
T6128978,C101408,2022-02-09,App Bug,6
T5491670,C101408,2023-04-05,Login,11
T8533789,C101408,2023-01-14,Content Quality,12
T5148755,C101408,2023-03-23,Payment,9
T3185624,C101409,2023-08-08,Payment,15
T7297928,C101423,2022-09-19,Login,14
T6279183,C101423,2022-12-30,Login,15
T2197565,C101426,2022-05-03,Login,6
T2984467,C101426,2022-11-23,Payment,14
T8646597,C101426,2022-02-01,Payment,3
T6256463,C101426,2023-03-03,Content Quality,1
T2145660,C101430,2023-02-09,Login,6
T3735836,C101430,2022-12-02,Content Quality,9
T2726135,C101430,2022-06-06,App Bug,13
T5616507,C101430,2023-08-18,Content Quality,10
T6759204,C101431,2022-11-19,Payment,9
T8792057,C101431,2022-06-16,Content Quality,4
T5565748,C101431,2022-10-13,Login,14
T3230151,C101433,2023-10-08,Login,1
T5737059,C101433,2022-04-02,Payment,4
T3817213,C101433,2023-09-19,Other,6
T4019908,C101433,2023-05-10,Payment,11
T3024673,C101440,2022-01-27,Payment,2
T6794437,C101440,2023-02-16,Other,10
T7690539,C101440,2023-06-23,Content Quality,11
T2368464,C101440,2022-04-07,App Bug,11
T7207051,C101442,2023-01-08,Content Quality,3
T1937277,C101442,2024-03-31,Content Quality,1
T7708964,C101442,2023-03-02,App Bug,0
T8319936,C101448,2022-07-12,Login,0
T4587361,C101449,2024-01-21,Content Quality,1
T8131254,C101449,2022-01-25,App Bug,7
T4925387,C101449,2024-01-08,Content Quality,15
T9846910,C101455,2023-11-10,Other,14
T2087703,C101455,2022-06-22,Payment,3
T7432459,C101455,2024-04-10,Payment,6
T1111313,C101455,2023-11-17,Payment,3
T5526521,C101457,2022-02-01,Payment,15
T6544234,C101458,2022-07-23,Content Quality,15
T1535085,C101458,2023-11-13,Payment,0
T4485172,C101458,2023-09-20,Payment,10
T1882677,C101462,2022-01-11,Login,11
T7120592,C101462,2022-12-02,App Bug,0
T1198311,C101464,2023-06-26,Content Quality,1
T6449844,C101464,2023-10-31,Login,5
T5420959,C101464,2023-08-27,Payment,4
T3199167,C101464,2022-08-19,Other,11
T2405329,C101470,2022-06-28,Login,5
T6072383,C101470,2023-11-25,Login,6
T1278420,C101472,2022-09-10,App Bug,6
T2224784,C101472,2023-02-14,Login,7
T1246048,C101473,2023-03-09,Content Quality,8
T9112333,C101473,2024-04-21,Content Quality,8
T9329833,C101473,2022-11-02,Other,7
T9615233,C101473,2022-01-13,Login,3
T8463984,C101474,2024-05-09,Login,0
T4207540,C101481,2022-10-25,Other,7
T8717186,C101481,2022-12-26,App Bug,9
T2170811,C101482,2024-03-10,Login,2
T7689571,C101485,2024-01-30,Content Quality,2
T7571567,C101485,2022-07-29,Login,6
T2009257,C101488,2022-11-17,Payment,7
T2890040,C101489,2022-04-10,Login,12
T9029278,C101489,2022-08-30,Content Quality,9
T6937143,C101489,2024-06-07,App Bug,14
T5045480,C101491,2022-12-26,Login,0
T5486049,C101491,2022-09-08,Content Quality,4
T4964109,C101494,2024-05-05,Content Quality,5
T7735301,C101494,2022-05-12,App Bug,4
T8554613,C101494,2024-06-15,Content Quality,4
T9683231,C101494,2023-10-14,App Bug,14
T6073876,C101495,2023-09-11,Payment,0
T9207919,C101495,2022-01-17,Payment,10
T4127563,C101496,2022-01-04,Content Quality,7
T8012738,C101500,2022-12-27,Login,14
T7011151,C101500,2024-05-24,Login,12
T6955071,C101500,2022-10-09,App Bug,2
T8410558,C101500,2024-02-16,Content Quality,2
T3700106,C101501,2022-08-16,Login,4
T4557072,C101504,2022-04-20,Other,9
T4420764,C101504,2024-01-25,Content Quality,6
T4864195,C101505,2024-06-18,App Bug,1
T1844109,C101505,2022-03-04,Payment,9
T1024519,C101507,2023-01-20,App Bug,6
T3164870,C101507,2022-01-30,Payment,6
T1029269,C101507,2023-11-30,Payment,10
T8600240,C101510,2022-01-25,Other,11
T1842484,C101510,2022-06-06,Content Quality,0
T4555075,C101512,2023-02-07,Content Quality,2
T8252662,C101512,2023-06-08,App Bug,0
T3719737,C101512,2023-03-22,Content Quality,7
T6881668,C101518,2022-01-08,Payment,7
T8042097,C101518,2022-12-27,Payment,4
T4847782,C101521,2023-01-27,App Bug,5
T3301423,C101521,2022-11-30,Login,14
T5096686,C101521,2023-11-04,App Bug,14
T9150056,C101521,2023-01-31,Login,8
T3454003,C101523,2022-10-08,App Bug,0
T7592966,C101524,2023-01-07,Content Quality,9
T6189530,C101524,2022-03-06,Content Quality,7
T5987728,C101524,2022-03-13,Other,0
T4935837,C101524,2022-04-15,Login,15
T9630792,C101530,2022-04-16,App Bug,8
T4144098,C101530,2024-02-10,Other,9
T9943189,C101530,2022-01-13,Content Quality,11
T4720228,C101530,2023-02-26,Payment,0
T2157850,C101531,2022-06-02,Payment,4
T1856919,C101531,2024-02-17,Login,1
T5812415,C101531,2024-04-24,Payment,2
T9685981,C101543,2022-05-04,App Bug,14
T5009201,C101543,2022-01-16,Login,11
T1758387,C101554,2023-02-26,App Bug,13
T7443297,C101556,2022-07-28,Login,4
T5535270,C101556,2022-05-27,Payment,9
T4080856,C101556,2023-03-20,Login,13
T7103429,C101556,2022-12-08,App Bug,13
T8560820,C101557,2023-11-04,App Bug,4
T4842173,C101557,2024-04-19,Login,10
T6776618,C101557,2023-11-07,Content Quality,2
T3216219,C101557,2023-05-07,Content Quality,14
T4800711,C101569,2022-11-19,Other,12
T8029317,C101569,2022-02-27,App Bug,9
T1501662,C101577,2023-01-30,Content Quality,4
T9510289,C101577,2023-10-14,Content Quality,14
T2089634,C101579,2024-02-14,Other,3
T8196582,C101579,2022-01-27,Other,9
T1889209,C101579,2023-06-05,App Bug,4
T4260614,C101579,2024-03-06,Content Quality,4
T9809611,C101587,2022-10-19,App Bug,9
T5652420,C101593,2022-07-04,Content Quality,5
T4040001,C101597,2022-09-13,App Bug,3
T3420169,C101599,2024-04-22,Content Quality,2
T7909745,C101599,2023-07-26,Login,13
T9676095,C101599,2023-03-31,App Bug,4
T6420934,C101600,2023-05-10,App Bug,13
T8618883,C101600,2024-01-07,Content Quality,13
T7222052,C101600,2023-12-27,Payment,9
T7665160,C101600,2023-12-03,Payment,7
T8443229,C101613,2023-06-27,Payment,0
T8647043,C101615,2023-10-07,Login,8
T3562845,C101615,2023-04-01,App Bug,13
T8429598,C101615,2024-02-25,Payment,6
T7465991,C101615,2022-06-18,Content Quality,3
T4727846,C101616,2022-12-11,App Bug,12
T3594410,C101620,2023-11-20,Other,0
T6158229,C101620,2023-05-09,Other,10
T2821651,C101627,2023-09-07,Content Quality,4
T2223128,C101627,2022-09-03,Payment,9
T2408453,C101627,2023-11-08,Content Quality,8
T3486219,C101628,2023-06-18,App Bug,10
T5282056,C101628,2024-05-20,App Bug,10
T2966266,C101628,2024-01-24,Payment,8
T3486839,C101629,2023-07-09,App Bug,11
T1949632,C101629,2022-03-04,Other,12
T2160865,C101633,2022-12-24,Content Quality,1
T6090126,C101634,2023-01-04,Content Quality,4
T1181503,C101643,2023-03-06,Content Quality,14
T5889869,C101646,2023-02-10,Login,4
T7638075,C101646,2022-08-26,Payment,3
T1780775,C101646,2023-05-20,Login,7
T3209383,C101646,2024-03-10,Content Quality,9
T2166509,C101647,2022-10-17,Login,14
T8668735,C101647,2023-11-01,Login,4
T7125964,C101651,2022-02-06,App Bug,5
T3028529,C101656,2024-05-20,App Bug,15
T1637753,C101656,2022-06-24,Login,9
T3624356,C101656,2022-01-17,Content Quality,14
T1580298,C101656,2024-03-04,App Bug,8
T3852934,C101657,2022-12-26,App Bug,3
T8922532,C101658,2022-05-06,Payment,13
T4071221,C101658,2024-01-09,Other,11
T7746390,C101658,2023-10-31,Other,2
T7837650,C101658,2023-01-12,Content Quality,7
T9687511,C101669,2022-06-13,Login,11
T7478827,C101669,2022-08-22,App Bug,15
T6191258,C101669,2024-04-19,App Bug,5
T2126451,C101669,2023-07-27,App Bug,15
T7892887,C101672,2023-12-26,Other,7
T5847244,C101672,2022-12-26,Login,6
T3371850,C101674,2022-04-05,Content Quality,15
T8950691,C101682,2022-10-13,Login,2
T4518526,C101683,2024-01-19,Content Quality,7
T6618636,C101686,2023-06-10,Login,0
T8366644,C101687,2023-02-13,Login,1
T8192496,C101687,2024-03-10,App Bug,8
T1101997,C101687,2022-10-17,Content Quality,6
T1499553,C101687,2024-02-17,App Bug,10
T3575480,C101691,2023-01-28,Payment,12
T3594533,C101692,2022-10-19,Login,13
T6832575,C101692,2022-08-09,Content Quality,15
T1642461,C101692,2022-10-15,Content Quality,10
T5981245,C101693,2022-09-29,Payment,9
T5085295,C101693,2022-03-18,App Bug,4
T4036570,C101693,2022-11-20,Payment,7
T4449781,C101696,2023-04-16,Content Quality,7
T1990828,C101696,2023-07-03,App Bug,12
T2450263,C101701,2023-07-02,Payment,1
T7654631,C101701,2022-01-11,App Bug,6
T6903546,C101702,2023-09-03,App Bug,0
T7759305,C101702,2023-04-18,App Bug,3
T1079251,C101702,2022-09-19,Payment,8
T1996308,C101705,2023-09-03,Other,15
T5050478,C101705,2024-03-14,Payment,7
T3453452,C101705,2023-07-24,Login,3
T4048981,C101705,2022-02-28,Payment,1
T5678255,C101706,2022-04-30,Content Quality,4
T6855729,C101707,2023-07-23,Payment,0
T9583780,C101707,2023-08-11,App Bug,8
T4236810,C101707,2023-04-19,Login,7
T7458698,C101707,2023-11-19,Login,8
T4706372,C101712,2022-02-06,App Bug,7
T3604412,C101712,2023-06-17,Other,4
T4515707,C101712,2023-12-01,App Bug,5
T5021388,C101712,2022-07-07,Content Quality,11
T9334963,C101713,2022-11-30,Login,4
T1623040,C101713,2023-04-22,Payment,10
T3215577,C101713,2023-09-19,Payment,10
T9980423,C101714,2023-07-11,App Bug,14
T7734899,C101715,2023-09-24,Other,11
T8403573,C101715,2024-06-05,Content Quality,15
T9168796,C101715,2023-02-20,Login,14
T9462475,C101715,2023-07-14,App Bug,15
T5264278,C101716,2023-06-09,Content Quality,6
T8132922,C101718,2023-02-06,Content Quality,6
T9524921,C101719,2023-03-14,Content Quality,12
T8370767,C101719,2022-12-29,Login,9
T5066680,C101719,2023-05-29,App Bug,12
T9292406,C101722,2023-08-04,Other,11
T2289440,C101723,2023-06-21,Other,9
T1939144,C101723,2023-10-26,Login,8
T6931442,C101724,2022-04-01,Other,6
T7046491,C101725,2022-01-11,Login,6
T5921274,C101727,2023-10-31,Login,5
T6509086,C101727,2022-12-05,Login,12
T5620372,C101727,2022-03-12,Content Quality,2
T1472960,C101731,2023-02-04,Content Quality,3
T9752853,C101731,2024-03-03,Content Quality,6
T7022294,C101731,2022-07-11,Payment,15
T9581462,C101731,2023-11-27,App Bug,3
T5379464,C101736,2022-06-03,Login,13
T4190101,C101736,2024-02-18,App Bug,13
T5366504,C101736,2022-02-22,Content Quality,5
T5056587,C101739,2022-03-12,Login,10
T2266039,C101754,2023-10-08,Login,5
T7760001,C101754,2022-06-09,Login,10
T4726695,C101754,2022-05-26,Login,5
T3586871,C101755,2023-03-22,Other,12
T8669179,C101758,2022-02-10,App Bug,7
T6908591,C101760,2022-07-07,Other,14
T6103622,C101760,2022-01-24,Other,9
T3403329,C101762,2023-06-06,Payment,4
T4513671,C101762,2022-10-13,Login,0
T6693071,C101762,2022-07-07,App Bug,10
T9192522,C101768,2023-09-13,App Bug,8
T7688309,C101768,2022-06-22,App Bug,0
T7286598,C101771,2022-06-11,Content Quality,3
T4986409,C101771,2022-09-30,App Bug,10
T7052138,C101771,2022-08-11,Payment,10
T3041031,C101771,2023-02-22,App Bug,14
T9449101,C101775,2023-09-26,App Bug,6
T4251163,C101775,2023-05-01,Payment,12
T1805608,C101775,2022-08-14,Content Quality,3
T4073699,C101775,2022-12-20,App Bug,15
T9296136,C101781,2022-10-09,Login,0
T3518914,C101781,2023-01-01,Content Quality,3
T5767347,C101781,2023-07-10,Login,9
T3817808,C101782,2022-03-04,Other,10
T2835183,C101786,2022-07-23,Login,6
T4006729,C101786,2022-01-23,App Bug,5
T1523237,C101786,2024-06-04,Payment,7
T5124837,C101786,2023-04-09,Other,11
T1002875,C101790,2024-03-07,Payment,3
T5661374,C101790,2023-03-04,Content Quality,14
T7058960,C101790,2023-07-11,App Bug,1
T9380053,C101793,2022-07-22,Content Quality,2
T9995230,C101793,2023-09-28,Login,12
T2167675,C101796,2023-12-29,Content Quality,9
T6412222,C101796,2023-02-15,App Bug,8
T3797651,C101798,2022-06-27,Other,0
T7566873,C101798,2024-03-20,Payment,2
T9092503,C101802,2023-03-25,App Bug,14
T1532119,C101804,2023-04-23,Payment,0
T7717366,C101804,2024-05-31,App Bug,5
T6409825,C101804,2022-05-24,Content Quality,1
T9278904,C101805,2024-04-13,Payment,10
T2303176,C101805,2023-09-18,Content Quality,14
T5729035,C101805,2023-12-04,Payment,1
T3984055,C101805,2023-09-07,Login,6
T6170751,C101808,2023-12-19,App Bug,8
T7378041,C101814,2023-05-20,App Bug,10
T8928488,C101814,2022-05-12,App Bug,6
T5132860,C101814,2023-08-15,App Bug,2
T9447822,C101816,2023-08-30,Other,5
T2435619,C101816,2022-05-23,Login,14
T1142703,C101816,2024-03-20,App Bug,3
T5273415,C101818,2023-12-02,Login,8
T2183133,C101818,2022-12-19,App Bug,12
T7901843,C101818,2023-09-15,Login,2
T5388978,C101819,2022-09-07,Login,0
T1744536,C101824,2024-01-01,Content Quality,4
T8640813,C101824,2023-10-03,Payment,9
T5090807,C101824,2022-09-05,Payment,3
T5654154,C101826,2022-12-27,Login,10
T5715097,C101826,2023-08-29,App Bug,0
T3258083,C101826,2023-02-25,App Bug,1
T6305213,C101826,2023-08-15,Other,4
T2019046,C101832,2022-12-29,Login,6
T4683878,C101832,2022-07-14,App Bug,0
T4115499,C101833,2024-02-28,Content Quality,4
T6389182,C101833,2022-01-14,Payment,6
T9559986,C101833,2024-03-15,Payment,9
T3713326,C101833,2022-12-11,Payment,3
T6314934,C101834,2023-06-11,Payment,14
T3512661,C101834,2022-11-23,Login,7
T7328572,C101834,2022-05-29,App Bug,12
T1542893,C101834,2022-03-29,Login,6
T1125011,C101836,2022-06-27,Content Quality,10
T1722331,C101836,2024-03-24,Payment,4
T6353255,C101836,2023-01-16,Content Quality,2
T1786945,C101836,2022-09-06,Login,12
T9358485,C101839,2022-10-25,Payment,15
T8968115,C101839,2022-01-17,Content Quality,0
T5892423,C101839,2022-08-12,Login,10
T3928609,C101839,2023-01-22,App Bug,2
T6985049,C101845,2023-08-22,Content Quality,15
T6414869,C101849,2022-09-14,Payment,8
T9335847,C101851,2022-11-05,App Bug,4
T3462641,C101851,2023-09-16,Login,9
T9418630,C101851,2022-02-27,Other,12
T5520104,C101859,2023-03-25,App Bug,0
T1661733,C101860,2023-07-18,Login,4
T8795573,C101863,2023-03-19,Other,14
T6318010,C101863,2024-05-30,App Bug,5
T7893544,C101863,2022-04-28,Payment,6
T5701901,C101866,2024-01-22,Login,9
T6961928,C101866,2024-03-10,App Bug,0
T8289089,C101866,2023-04-07,Other,10
T6353908,C101880,2022-05-17,Other,0
T5962211,C101880,2023-05-25,Login,4
T2915452,C101880,2022-06-12,Payment,5
T8868920,C101881,2024-03-10,Login,6
T7938409,C101881,2024-03-28,Content Quality,0
T4131081,C101882,2022-11-26,Other,7
T5097883,C101882,2022-07-01,Content Quality,4
T2831440,C101882,2024-02-19,App Bug,9
T2687449,C101883,2022-09-28,Other,15
T9566620,C101888,2022-03-14,App Bug,9
T8231663,C101888,2023-02-25,App Bug,0
T1427390,C101888,2023-09-14,Other,7
T6542664,C101888,2024-01-03,App Bug,3
T5146009,C101892,2022-04-10,Payment,6
T1597709,C101892,2023-01-26,Content Quality,11
T8561164,C101894,2023-11-27,Login,6
T7925771,C101895,2024-05-07,Content Quality,15
T7921239,C101895,2024-06-01,Login,5
T9436123,C101895,2022-09-01,Content Quality,13
T2619940,C101897,2022-01-27,Login,12
T2302024,C101897,2024-06-02,Content Quality,1
T8345845,C101898,2023-06-21,Login,8
T7675002,C101898,2022-06-11,Login,6
T2123369,C101910,2023-12-21,Other,5
T8882574,C101914,2023-04-25,App Bug,0
T9178534,C101915,2024-05-07,Other,14
T2940249,C101915,2023-10-24,App Bug,14
T5745650,C101923,2023-05-17,App Bug,8
T2818004,C101923,2022-11-15,Other,11
T7335021,C101923,2024-05-08,Content Quality,11
T5797725,C101923,2023-04-06,Content Quality,6
T3440372,C101931,2022-08-09,Content Quality,3
T7141617,C101933,2022-07-05,Payment,11
T6110375,C101940,2022-04-21,App Bug,2
T2805553,C101940,2022-07-22,Login,1
T8237315,C101940,2022-09-29,Content Quality,11
T9360751,C101940,2022-05-27,Other,9
T8244426,C101941,2022-12-31,Payment,8
T5694627,C101941,2022-11-25,App Bug,6
T3983067,C101941,2022-03-10,Payment,1
T6353571,C101942,2023-03-09,Content Quality,3
T5282626,C101942,2022-06-06,Content Quality,14
T4759707,C101943,2023-02-20,App Bug,6
T1545959,C101943,2023-04-06,Content Quality,1
T2394198,C101945,2024-04-26,Login,5
T3441773,C101945,2024-05-08,Content Quality,4
T8951537,C101951,2022-03-31,Other,9
T6508882,C101953,2023-07-28,Login,6
T9236068,C101957,2022-12-26,App Bug,0
T5887971,C101957,2022-07-24,App Bug,0
T8423449,C101957,2023-09-30,Login,3
T9983213,C101957,2024-01-17,Content Quality,2
T5474873,C101962,2023-10-31,Login,3
T8794655,C101962,2023-07-29,Content Quality,6
T9033113,C101962,2022-04-29,App Bug,10
T9037584,C101962,2022-05-19,Payment,13
T2103540,C101969,2023-02-17,Content Quality,15
T6908200,C101969,2023-12-08,Login,12
T1838740,C101971,2022-06-14,Content Quality,1
T3006349,C101971,2022-08-18,Content Quality,12
T1696237,C101971,2022-05-05,Other,4
T9219270,C101973,2022-04-14,Content Quality,1
T1827001,C101980,2023-06-07,App Bug,11
T2980015,C101980,2022-05-19,Payment,14
T1062797,C101980,2024-01-16,App Bug,4
T9103945,C101981,2023-08-02,Content Quality,1
T2339947,C101981,2023-10-06,Content Quality,13
T8574294,C101987,2024-04-30,Login,15
T9317634,C101988,2023-11-04,Content Quality,13
T5298178,C101988,2023-05-17,App Bug,2
T7751276,C101988,2023-12-04,Payment,12
T1852300,C101988,2024-04-28,Content Quality,12
T5572905,C101999,2022-03-01,Content Quality,12
T6939748,C101999,2022-10-26,App Bug,7
T8094531,C101999,2023-05-30,Content Quality,9
T9278956,C102001,2022-07-01,App Bug,13
T8459421,C102001,2023-03-08,Login,7
T6755731,C102001,2022-04-22,Content Quality,11
T8821077,C102002,2022-04-05,Content Quality,6
T2486831,C102002,2022-07-06,Payment,2
T7372890,C102002,2022-06-04,Payment,3
T6003282,C102005,2022-08-08,Other,10
T6719217,C102005,2023-06-24,Content Quality,13
T9247506,C102005,2024-02-04,App Bug,15
T1021712,C102005,2022-03-06,Other,9
T3962493,C102011,2022-11-06,Login,9
T4456149,C102011,2022-07-07,Login,11
T9501847,C102023,2022-05-01,Payment,5
T2093250,C102023,2022-04-11,Other,8
T5584326,C102023,2022-01-11,Content Quality,14
T3599741,C102023,2022-09-22,Other,13
T2959628,C102024,2023-04-24,Other,5
T7299691,C102024,2022-03-12,Content Quality,4
T7277618,C102024,2023-04-29,Content Quality,14
T1411530,C102026,2022-02-03,Payment,13
T2895112,C102026,2022-04-08,Payment,7
T7018227,C102036,2022-08-25,App Bug,5
T6352515,C102036,2022-09-03,Other,8
T9658236,C102039,2023-11-13,Login,9
T2045827,C102039,2023-02-05,App Bug,14
T8308693,C102045,2022-11-28,App Bug,3
T8188511,C102045,2022-07-18,App Bug,1
T6215109,C102045,2024-03-24,Content Quality,15
T4098389,C102048,2022-10-25,Payment,8
T6684445,C102055,2024-03-22,App Bug,15
T8512711,C102055,2022-04-05,Content Quality,13
T5534769,C102058,2023-08-28,App Bug,0
T5532012,C102058,2023-06-20,Other,14
T3477314,C102058,2023-04-21,Content Quality,15
T2233988,C102063,2024-02-02,Content Quality,9
T1408637,C102063,2022-01-01,App Bug,9
T7323223,C102063,2024-03-24,App Bug,8
T9853706,C102063,2022-02-23,App Bug,15
T8248481,C102065,2022-08-30,Payment,3
T9808038,C102065,2023-06-06,App Bug,10
T6763992,C102065,2023-04-06,App Bug,4
T7098455,C102065,2022-10-05,Content Quality,5
T3832938,C102072,2023-06-22,Content Quality,10
T3301082,C102076,2023-10-29,Content Quality,3
T8935850,C102082,2024-02-08,Payment,8
T1755440,C102083,2023-08-31,Content Quality,3
T8837998,C102083,2023-04-24,Login,0
T1869749,C102083,2023-01-20,Payment,10
T4298387,C102083,2022-08-23,Login,14
T4962996,C102084,2023-09-06,Other,12
T6690811,C102085,2024-01-23,App Bug,2
T4633270,C102085,2022-09-23,Content Quality,13
T8209897,C102085,2022-09-14,Login,5
T7392661,C102085,2023-08-06,Login,1
T3790859,C102088,2024-03-12,Login,12
T5609881,C102090,2023-07-04,Login,0
T9292783,C102090,2022-10-30,Content Quality,13
T1977639,C102090,2024-04-09,Login,7
T5683126,C102092,2022-12-04,Payment,13
T1258158,C102092,2022-02-19,App Bug,15
T8332563,C102095,2024-03-18,Payment,11
T7408875,C102095,2024-02-16,Content Quality,8
T3549789,C102095,2022-09-22,Content Quality,10
T6700985,C102095,2024-03-24,App Bug,7
T6355127,C102096,2023-08-05,App Bug,9
T2012173,C102096,2023-02-21,App Bug,0
T3971411,C102096,2022-05-09,App Bug,0
T8436719,C102096,2023-11-13,App Bug,13
T7271632,C102099,2023-11-13,Other,10
T8028299,C102099,2023-08-03,Other,4
T8945275,C102099,2023-12-04,Login,8
T4626012,C102099,2022-05-11,Payment,7
T4997286,C102103,2022-10-22,Login,15
T5046028,C102103,2022-01-24,App Bug,14
T5410519,C102111,2022-07-13,Content Quality,12
T7656188,C102114,2023-02-05,Content Quality,2
T4652726,C102114,2023-01-21,Content Quality,8
T2746236,C102114,2023-06-21,App Bug,3
T3544317,C102114,2023-04-15,Payment,4
T6115585,C102116,2023-05-08,Payment,3
T6860566,C102116,2024-05-31,Login,6
T6161560,C102116,2022-07-03,Content Quality,13
T6550485,C102121,2023-06-24,App Bug,11
T5191964,C102123,2022-01-03,Content Quality,12
T1924906,C102123,2022-02-24,Payment,15
T5328934,C102123,2023-07-15,Login,6
T1110122,C102123,2022-12-13,Payment,12
T4034513,C102124,2023-04-10,App Bug,6
T3245365,C102124,2023-06-08,Login,1
T6896128,C102124,2023-04-12,Content Quality,2
T5021738,C102124,2022-04-26,Content Quality,9
T3304643,C102131,2022-03-04,Payment,5
T1050394,C102131,2022-09-23,Other,3
T5360544,C102140,2022-05-27,App Bug,13
T5841996,C102142,2024-06-01,App Bug,0
T5776293,C102144,2024-06-07,Login,2
T8836250,C102145,2023-06-26,Other,7
T1843682,C102145,2023-03-06,Payment,13
T4894507,C102145,2023-12-16,App Bug,8
T1611085,C102146,2022-07-26,Login,1
T4139815,C102148,2022-07-30,Other,14
T2914117,C102148,2023-08-02,App Bug,5
T4699320,C102148,2022-08-21,Login,3
T7965219,C102150,2023-09-05,Payment,2
T8848247,C102150,2023-11-06,Payment,10
T3609959,C102156,2024-04-13,Login,3
T7803401,C102156,2022-11-19,App Bug,1
T4643355,C102156,2022-05-25,Other,5
T6874092,C102167,2022-03-29,Payment,11
T2196294,C102167,2024-01-25,Content Quality,7
T1910177,C102167,2023-04-24,Content Quality,6
T6896471,C102167,2023-12-21,App Bug,14
T5863059,C102173,2023-06-03,Payment,3
T9590231,C102173,2023-04-14,Payment,13
T4755594,C102173,2023-04-28,App Bug,6
T4693867,C102173,2023-03-22,Content Quality,9
T6308924,C102179,2022-07-30,Content Quality,5
T2614095,C102180,2023-07-08,Login,3
T5351451,C102180,2024-04-30,Payment,13
T2493752,C102180,2023-06-26,Payment,7
T8222699,C102186,2023-06-21,Content Quality,6
T5848383,C102186,2023-12-03,App Bug,4
T3253971,C102187,2023-12-13,Content Quality,8
T4302337,C102187,2023-09-14,Login,15
T2874385,C102187,2024-02-05,App Bug,1
T6578207,C102189,2022-07-10,App Bug,3
T1107609,C102189,2024-06-14,App Bug,7
T1113562,C102189,2023-10-28,Payment,2
T5603330,C102189,2023-02-26,Content Quality,1
T7714616,C102191,2024-02-11,Other,4
T2854773,C102191,2022-04-29,Content Quality,0
T1620554,C102191,2023-03-24,Payment,8
T9452006,C102191,2022-09-08,App Bug,2
T2882086,C102192,2022-03-13,Content Quality,5
T7304194,C102192,2022-01-01,Other,4
T8039540,C102198,2024-03-09,Login,9
T2326463,C102198,2023-11-17,Login,10
T1307118,C102198,2024-04-21,Content Quality,11
T6538458,C102198,2023-05-22,Login,12
T4726582,C102200,2022-09-16,App Bug,2
T4739901,C102200,2022-12-13,Content Quality,5
T9678962,C102204,2024-01-23,Content Quality,4
T3622039,C102204,2024-03-08,App Bug,6
T5531883,C102211,2022-06-20,App Bug,14
T4916478,C102211,2022-04-17,App Bug,3
T6332506,C102211,2023-03-07,Payment,5
T8418493,C102211,2023-03-31,Content Quality,6
T3268574,C102212,2023-12-20,App Bug,8
T1170241,C102212,2024-06-17,App Bug,7
T5812067,C102212,2023-02-10,Content Quality,1
T3770699,C102212,2022-01-13,Login,11
T7404907,C102215,2024-06-12,Login,14
T7137459,C102215,2023-03-09,Content Quality,2
T3449090,C102215,2023-05-19,Payment,15
T4408721,C102219,2022-05-15,Payment,12
T1523453,C102223,2022-01-05,Login,2
T7175672,C102223,2024-01-25,Content Quality,0
T1209211,C102224,2022-09-18,App Bug,7
T3754303,C102224,2022-02-18,Content Quality,4
T7199246,C102228,2022-11-04,Payment,12
T4361854,C102228,2023-03-11,Content Quality,0
T1746069,C102228,2023-08-31,App Bug,12
T5542530,C102231,2024-03-02,Login,0
T7821340,C102231,2023-02-05,Content Quality,9
T7845625,C102231,2022-11-15,Other,11
T9143412,C102232,2022-04-07,App Bug,4
T4889702,C102232,2023-12-13,App Bug,1
T3300314,C102232,2022-01-13,Content Quality,6
T5660838,C102232,2024-03-20,Payment,4
T3876305,C102238,2024-05-11,Payment,4
T1339827,C102238,2024-06-11,Login,6
T9185113,C102238,2023-12-30,Login,8
T8271210,C102241,2022-12-03,Content Quality,15
T5318973,C102243,2024-04-30,App Bug,12
T6057847,C102243,2022-11-08,Content Quality,4
T3564852,C102243,2023-11-17,Login,3
T7757681,C102243,2024-04-23,Other,13
T3101227,C102258,2023-05-01,Payment,4
T4348559,C102258,2024-04-04,Content Quality,2
T3125071,C102258,2022-11-20,Login,12
T5793798,C102259,2023-08-31,Payment,2
T8671065,C102259,2022-11-17,Content Quality,10
T3005558,C102259,2023-06-27,Payment,0
T2297477,C102259,2022-02-06,Content Quality,11
T9224795,C102262,2023-01-16,App Bug,7
T5500077,C102262,2023-05-04,App Bug,1
T1956654,C102262,2023-12-22,Login,4
T1864433,C102265,2024-05-22,App Bug,14
T7449110,C102265,2023-06-19,Content Quality,2
T9835547,C102265,2023-05-06,Content Quality,7
T3515171,C102265,2024-03-27,Payment,4
T7178835,C102267,2024-03-16,Login,11
T5068239,C102269,2022-07-08,Content Quality,4
T1620210,C102269,2023-02-16,Payment,2
T2012681,C102272,2022-06-21,Login,2
T5572884,C102272,2022-05-20,Content Quality,4
T1631045,C102273,2023-11-01,Login,13
T9671721,C102273,2022-03-22,Content Quality,8
T4303317,C102277,2023-05-07,Payment,0
T4523314,C102277,2022-05-18,Other,9
T5886570,C102277,2023-07-25,App Bug,15
T4921059,C102279,2023-04-28,Content Quality,6
T1814147,C102279,2023-10-23,Content Quality,4
T5073193,C102279,2022-05-06,Other,14
T2888154,C102279,2022-02-10,Payment,6
T8331359,C102282,2022-04-30,Content Quality,9
T9016756,C102282,2023-10-17,Login,8
T9904625,C102283,2023-07-06,Content Quality,3
T7731842,C102294,2023-06-08,App Bug,8
T7122767,C102297,2022-04-30,Login,2
T7848577,C102297,2023-05-02,Content Quality,7
T7853662,C102297,2023-06-08,Login,2
T4266831,C102302,2022-03-05,Content Quality,4
T4723313,C102302,2023-01-03,Login,11
T1185500,C102306,2022-07-05,Content Quality,10
T7944332,C102306,2024-04-15,Login,0
T8006882,C102306,2022-01-04,Content Quality,9
T3348925,C102306,2024-05-20,App Bug,0
T2432970,C102318,2022-04-13,Other,7
T4541632,C102320,2022-06-16,Content Quality,5
T6952727,C102320,2022-09-13,Content Quality,9
T5352759,C102321,2024-01-09,Content Quality,10
T8209291,C102321,2022-08-01,Content Quality,10
T1631119,C102321,2023-02-13,Content Quality,4
T8978779,C102321,2023-02-04,Content Quality,9
T9527515,C102324,2022-08-14,App Bug,5
T6272336,C102324,2022-09-14,Content Quality,12
T3813307,C102324,2022-07-11,Login,7
T9183712,C102324,2023-09-28,Login,4
T1829273,C102328,2024-01-11,Other,12
T1909513,C102328,2023-12-16,App Bug,14
T4192025,C102328,2023-08-20,App Bug,2
T6869795,C102328,2022-01-05,App Bug,3
T2002613,C102330,2022-03-13,Content Quality,2
T7213689,C102330,2023-02-27,Login,6
T6727763,C102330,2023-12-09,App Bug,11
T2057516,C102330,2024-01-19,Login,11
T3863007,C102332,2022-03-05,Other,7
T7242423,C102332,2023-11-01,Payment,7
T9845273,C102343,2022-09-27,Payment,13
T6263202,C102343,2022-05-06,Content Quality,14
T8661719,C102343,2023-11-05,App Bug,6
T4103409,C102343,2024-05-24,Content Quality,8
T8068735,C102356,2023-12-29,App Bug,12
T4232226,C102356,2023-08-07,App Bug,1
T7758294,C102357,2023-04-02,Content Quality,8
T3831502,C102357,2024-03-20,Payment,9
T5563436,C102357,2023-09-25,Payment,9
T2516183,C102358,2024-05-10,App Bug,6
T6658647,C102358,2022-06-08,Payment,11
T7631793,C102359,2023-01-20,Content Quality,2
T4053025,C102359,2023-05-11,Login,14
T4107733,C102360,2024-06-02,Content Quality,3
T8277117,C102360,2022-09-02,Payment,0
T7610947,C102360,2023-07-25,App Bug,13
T3825017,C102360,2022-01-20,Payment,4
T1805190,C102362,2022-12-31,Login,3
T4030592,C102362,2023-12-30,Login,8
T2000008,C102362,2024-04-28,Payment,9
T1166214,C102362,2023-11-12,App Bug,6
T9058714,C102369,2023-05-04,Content Quality,6
T7353506,C102369,2023-06-17,Content Quality,9
T5391598,C102369,2022-01-23,Content Quality,14
T1513923,C102369,2024-04-21,App Bug,8
T7782489,C102371,2024-03-31,App Bug,9
T9911240,C102371,2023-05-21,Login,13
T7103623,C102371,2022-07-13,Payment,8
T1229899,C102371,2022-09-13,Login,2
T6442457,C102373,2022-05-01,Other,7
T6424670,C102373,2023-11-05,App Bug,8
T4325646,C102373,2024-04-12,App Bug,3
T1675275,C102376,2024-02-10,Login,5
T2095184,C102376,2022-05-31,Other,13
T3327744,C102376,2024-06-04,Login,11
T1146141,C102379,2022-10-09,Other,9
T1275631,C102379,2023-10-12,Login,15
T2341630,C102381,2022-09-29,Login,13
T5067358,C102381,2022-05-24,App Bug,4
T4535591,C102387,2022-07-21,Payment,4
T1343352,C102388,2024-05-27,App Bug,6
T4024640,C102388,2023-08-24,Payment,3
T2735561,C102388,2023-07-31,Payment,13
T6483589,C102388,2024-03-30,Content Quality,1
T4959946,C102395,2023-02-18,Other,3
T1506595,C102395,2023-06-14,Payment,10
T5105766,C102395,2023-06-05,App Bug,0
T8574454,C102395,2023-09-21,Payment,12
T2833784,C102401,2022-08-27,Content Quality,10
T4958165,C102401,2023-09-29,App Bug,14
T7069703,C102401,2023-04-16,Content Quality,7
T6894637,C102401,2022-08-12,App Bug,8
T5459681,C102408,2022-06-23,Content Quality,7
T6493207,C102408,2022-07-21,Content Quality,0
T6434739,C102413,2022-06-14,Payment,8
T1080203,C102415,2023-04-30,Content Quality,12
T5213075,C102415,2023-01-22,Content Quality,9
T2599071,C102428,2024-01-28,App Bug,3
T4797998,C102430,2023-02-09,Payment,15
T6164243,C102431,2022-12-11,Login,11
T6650572,C102431,2023-02-24,Payment,3
T5578677,C102431,2022-12-09,Payment,2
T8013919,C102433,2023-12-17,Login,2
T6285623,C102433,2022-11-10,Content Quality,0
T6955371,C102435,2022-06-09,App Bug,2
T1565457,C102435,2022-10-01,Content Quality,2
T9456305,C102445,2022-11-21,App Bug,1
T9854763,C102445,2023-10-27,App Bug,3
T7659380,C102445,2022-02-05,Login,7
T5249682,C102458,2023-07-02,Content Quality,11
T9368976,C102458,2023-08-27,Payment,4
T1804478,C102458,2022-06-02,Content Quality,11
T1363586,C102459,2023-01-28,App Bug,0
T3225324,C102467,2022-02-18,App Bug,14
T5155033,C102467,2023-02-16,Login,14
T7424735,C102474,2024-05-21,Content Quality,12
T2546185,C102474,2023-04-01,Other,2
T4810085,C102477,2022-05-19,Login,12
T2365963,C102477,2022-06-20,Login,15
T5189877,C102479,2022-12-15,App Bug,14
T3199725,C102479,2023-10-12,Login,15
T2657252,C102479,2022-12-29,Login,6
T6487732,C102479,2022-03-21,Other,12
T2214656,C102480,2023-04-29,App Bug,6
T7844895,C102494,2024-06-19,App Bug,9
T7820586,C102494,2024-04-22,Login,5
T3612428,C102497,2023-04-13,Payment,0
T5458383,C102497,2023-02-11,Login,14
T1090412,C102497,2022-11-11,Payment,10
T1270767,C102497,2023-01-15,Payment,7
T6417492,C102499,2022-01-01,Content Quality,11
T1727835,C102499,2023-05-17,App Bug,8
T9060120,C102499,2024-05-21,Content Quality,14
T2057220,C102499,2023-11-16,Content Quality,4
T8866667,C102500,2023-07-24,App Bug,7
T9203828,C102500,2023-01-06,Payment,12
T4557106,C102504,2022-12-22,App Bug,1
T6246830,C102504,2023-09-27,Other,9
T2369384,C102504,2023-04-28,Payment,15
T8356856,C102504,2023-12-08,App Bug,8
T5743444,C102506,2023-05-15,Payment,8
T7617979,C102506,2023-06-23,Content Quality,3
T6640704,C102506,2023-12-08,Other,3
T8252109,C102506,2023-11-05,Content Quality,0
T5767670,C102507,2022-09-18,Content Quality,6
T8904921,C102513,2023-11-17,Login,1
T8491511,C102513,2024-03-20,App Bug,13
T5132891,C102513,2022-01-26,Other,8
T7145982,C102513,2024-02-16,Login,7
T4175917,C102514,2023-10-14,Login,8
T7033815,C102514,2022-03-31,Login,4
T5634709,C102514,2023-05-07,App Bug,4
T2425829,C102514,2024-01-29,Content Quality,4
T5964980,C102516,2023-09-16,Content Quality,7
T9246174,C102519,2023-07-08,Login,11
T1412187,C102524,2022-01-19,App Bug,5
T8371624,C102524,2023-03-10,App Bug,8
T9605904,C102524,2022-12-17,Payment,12
T9759621,C102524,2022-03-17,Payment,8
T3524903,C102525,2023-01-28,App Bug,9
T3698284,C102528,2024-05-09,App Bug,4
T6334400,C102530,2022-12-23,Content Quality,4
T1365137,C102530,2022-06-08,Payment,10
T5816734,C102530,2022-07-13,Other,1
T1138776,C102530,2022-08-28,App Bug,5
T2938975,C102532,2024-03-06,App Bug,12
T2052820,C102532,2024-04-28,Payment,10
T5994363,C102532,2024-01-02,App Bug,13
T3539981,C102532,2023-04-14,Payment,6
T1624938,C102537,2023-12-05,Payment,14
T2299682,C102537,2022-03-13,Payment,6
T4351319,C102537,2023-05-30,Content Quality,11
T7054363,C102538,2022-09-10,App Bug,9
T7706016,C102538,2023-04-18,App Bug,11
T5649672,C102538,2023-07-03,Other,10
T8685736,C102538,2022-11-03,Other,13
T4880029,C102539,2023-08-04,Content Quality,9
T9562221,C102539,2024-03-09,App Bug,12
T4555503,C102539,2023-05-12,Login,14
T4104232,C102539,2022-01-18,Login,3
T2404567,C102545,2022-11-07,Content Quality,15
T4108507,C102545,2022-06-13,Login,11
T3012192,C102545,2023-01-07,Login,9
T9528041,C102545,2022-12-24,App Bug,10
T1259020,C102546,2023-08-23,Content Quality,2
T2830327,C102546,2022-01-11,App Bug,1
T1662468,C102547,2024-06-09,Content Quality,0
T2713899,C102547,2023-11-15,Payment,0
T5146289,C102549,2023-07-29,Payment,9
T4563648,C102549,2022-01-01,Content Quality,1
T1014479,C102549,2023-03-10,Other,14
T1922553,C102558,2022-11-18,Login,11
T9453852,C102558,2023-07-13,Payment,5
T1727134,C102558,2023-11-13,Login,5
T9565796,C102569,2023-05-19,Payment,7
T6189530,C102569,2022-01-10,Other,4
T5604733,C102569,2022-04-17,Payment,10
T9525757,C102569,2022-07-29,Content Quality,5
T4625525,C102571,2022-04-03,Payment,1
T4664186,C102571,2022-03-12,App Bug,12
T5142489,C102575,2022-06-27,Login,10
T2684827,C102575,2023-03-07,Other,2
T5827466,C102575,2023-09-04,Content Quality,6
T2647031,C102575,2023-02-25,App Bug,9
T3512614,C102578,2023-07-26,Content Quality,7
T6690707,C102578,2023-01-01,Payment,6
T9923121,C102578,2022-03-14,App Bug,8
T6165698,C102578,2022-10-27,App Bug,12
T2656786,C102583,2023-05-16,App Bug,13
T9842756,C102583,2023-07-21,Content Quality,1
T8920171,C102583,2022-04-19,App Bug,14
T7583688,C102584,2023-09-01,Payment,11
T1665594,C102584,2022-09-24,Other,12
T1450030,C102584,2023-01-06,Login,1
T4310541,C102584,2022-05-30,Other,11
T8608408,C102587,2023-04-28,Content Quality,3
T6158597,C102590,2022-11-22,App Bug,7
T9505552,C102593,2022-04-13,Content Quality,7
T5378012,C102593,2023-12-28,App Bug,15
T3505291,C102593,2023-12-19,Login,4
T2710501,C102593,2023-09-18,Login,1
T7233301,C102596,2023-07-09,Payment,10
T2437078,C102596,2023-09-17,Content Quality,5
T3499226,C102596,2023-06-11,App Bug,3
T8751978,C102596,2024-03-10,Content Quality,13
T9237573,C102602,2022-09-25,App Bug,13
T7870122,C102602,2022-06-02,Login,8
T6568394,C102604,2022-05-02,Login,1
T9929112,C102604,2022-03-10,Payment,13
T6662547,C102604,2022-01-23,App Bug,0
T6486242,C102604,2022-08-31,Other,1
T7811704,C102608,2023-07-02,Payment,2
T2618645,C102608,2024-05-15,App Bug,8
T8782854,C102608,2022-01-23,Content Quality,13
T1340577,C102608,2023-04-08,Payment,7
T4205995,C102611,2023-02-09,Content Quality,15
T7876527,C102611,2022-11-04,Content Quality,9
T8511278,C102613,2022-02-14,App Bug,8
T8304698,C102613,2023-04-14,Other,5
T5077258,C102613,2022-04-06,Login,6
T9506567,C102616,2023-02-07,App Bug,8
T3153482,C102618,2023-08-28,Login,11
T5238208,C102620,2022-03-21,App Bug,9
T1420207,C102620,2024-05-27,Content Quality,6
T3985954,C102620,2022-10-20,Content Quality,14
T7788478,C102620,2022-11-23,Login,14
T2785452,C102621,2024-01-19,Payment,1
T1040846,C102622,2023-01-30,Payment,5
T2538293,C102622,2023-03-27,Content Quality,4
T2268962,C102622,2023-03-01,App Bug,11
T1616208,C102622,2022-10-11,Login,11
T3045249,C102625,2022-11-02,Content Quality,1
T5066531,C102625,2022-03-02,App Bug,6
T3176496,C102629,2022-11-14,App Bug,4
T8270902,C102629,2022-04-06,Payment,11
T9405396,C102629,2023-08-20,Other,3
T7058277,C102629,2022-03-28,Content Quality,15
T3439367,C102639,2023-09-14,App Bug,1
T5032526,C102639,2023-02-04,Content Quality,12
T3240572,C102639,2023-11-17,Other,8
T2248828,C102639,2023-06-19,App Bug,15
T6493816,C102644,2022-04-05,Content Quality,5
T2589444,C102649,2022-06-13,App Bug,5
T6867775,C102652,2022-09-23,App Bug,9
T6380236,C102659,2022-06-07,Content Quality,11
T4611427,C102662,2022-10-27,Other,5
T1999987,C102662,2022-06-28,Content Quality,14
T2842672,C102662,2023-06-11,Payment,0
T5094790,C102673,2022-06-14,App Bug,6
T5102773,C102673,2023-02-16,Payment,11
T1734136,C102673,2022-04-13,Payment,14
T9606735,C102673,2022-08-11,App Bug,11
T4563372,C102674,2022-10-23,Other,11
T9008632,C102674,2023-03-11,App Bug,9
T1101523,C102675,2023-11-19,Content Quality,9
T2602640,C102675,2023-03-05,App Bug,14
T7161835,C102675,2022-10-11,App Bug,10
T6471468,C102679,2022-04-10,Payment,2
T1145457,C102679,2022-08-21,Content Quality,0
T4170955,C102679,2023-02-10,Other,9
T8015928,C102679,2022-02-06,Other,3
T3496720,C102680,2023-01-22,Payment,7
T7497624,C102680,2024-02-22,Login,3
T8830716,C102682,2023-08-31,Payment,14
T5819175,C102682,2023-02-21,Login,4
T8840994,C102682,2022-07-26,Login,10
T8598221,C102682,2022-02-07,Content Quality,0
T5081765,C102687,2024-03-10,Other,6
T1094816,C102691,2022-06-21,Content Quality,1
T2736432,C102691,2024-03-17,Payment,3
T3798881,C102700,2024-06-05,Login,2
T6763891,C102703,2023-12-19,Content Quality,1
T2575193,C102708,2024-05-02,Content Quality,8
T1983018,C102708,2024-06-06,Content Quality,0
T2639136,C102708,2023-07-16,Content Quality,9
T6876259,C102708,2023-11-23,App Bug,4
T6571837,C102719,2022-09-15,Other,5
T5976677,C102719,2022-05-23,Other,8
T8429648,C102719,2023-11-08,Login,12
T3027560,C102719,2022-08-23,Other,12
T5848120,C102720,2023-02-09,App Bug,2
T8014328,C102720,2023-12-11,Content Quality,10
T8793212,C102720,2023-11-27,Login,0
T2224278,C102720,2024-02-06,Login,11
T8004519,C102721,2022-02-23,App Bug,7
T6638633,C102721,2024-02-15,Payment,9
T8272117,C102721,2022-04-23,Content Quality,14
T6266311,C102724,2022-11-08,Payment,12
T6784940,C102724,2023-04-22,Content Quality,2
T7772602,C102724,2023-07-23,Payment,7
T1146799,C102728,2022-11-23,Login,11
T2931637,C102728,2022-04-02,Payment,4
T9894444,C102733,2023-03-07,Payment,11
T1414180,C102733,2022-06-27,Content Quality,10
T8750156,C102740,2023-08-14,Payment,8
T7859932,C102743,2023-01-16,Content Quality,1
T9822899,C102743,2022-06-11,Content Quality,14
T7930811,C102745,2024-01-02,Payment,2
T9496418,C102745,2022-08-15,App Bug,3
T3183976,C102745,2022-01-23,App Bug,1
T9378883,C102745,2023-07-12,Content Quality,9
T8039939,C102746,2024-05-07,Payment,10
T1300072,C102746,2023-10-23,Payment,1
T6302857,C102750,2023-06-29,Login,14
T3362267,C102753,2024-06-05,Content Quality,5
T9596196,C102753,2022-01-20,Login,12
T3115991,C102753,2022-12-31,Content Quality,1
T8970422,C102758,2022-08-26,App Bug,2
T7509768,C102758,2022-04-02,Other,1
T8345554,C102758,2023-12-02,Payment,4
T8409915,C102758,2024-05-25,App Bug,7
T9257875,C102759,2023-01-17,Payment,14
T8980166,C102759,2023-08-27,Payment,8
T5268900,C102759,2023-07-24,Content Quality,0
T7995771,C102761,2023-06-21,Login,2
T9857352,C102761,2023-09-08,Content Quality,4
T8275392,C102765,2023-05-05,Content Quality,5
T8319839,C102765,2024-02-26,Payment,15
T9779264,C102765,2022-05-31,App Bug,5
T3591804,C102780,2023-03-27,Payment,9
T6998589,C102780,2022-05-05,App Bug,9
T7099797,C102780,2022-05-07,Other,15
T8971702,C102780,2022-03-13,Payment,13
T3948046,C102781,2023-04-19,Login,4
T9147929,C102781,2023-01-04,Content Quality,13
T6839083,C102781,2024-03-21,Login,10
T6638442,C102781,2024-05-25,Login,2
T6794654,C102786,2022-02-28,Content Quality,7
T2724476,C102786,2022-06-12,Payment,7
T5171674,C102787,2023-12-04,App Bug,1
T9580441,C102787,2022-12-01,Content Quality,12
T7183399,C102787,2024-02-24,App Bug,8
T5775535,C102793,2023-05-20,Payment,5
T8822851,C102795,2023-10-01,Content Quality,10
T7900962,C102795,2023-11-14,Login,12
T8956709,C102795,2023-11-16,Content Quality,3
T8584748,C102795,2024-05-02,Other,11
T8665564,C102797,2023-09-21,Payment,11
T4860041,C102799,2023-11-02,Content Quality,8
T5360778,C102799,2023-04-27,Payment,11
T6130921,C102801,2022-11-01,Payment,2
T4248870,C102804,2022-02-07,Content Quality,0
T9712858,C102804,2023-05-26,Payment,9
T7315663,C102804,2022-09-02,Other,7
T5639260,C102804,2024-05-10,Content Quality,12
T9568652,C102805,2022-11-24,Payment,15
T4238434,C102805,2023-09-09,Login,9
T1519806,C102805,2024-04-21,App Bug,8
T7602536,C102805,2023-07-22,Payment,7
T8423032,C102808,2022-01-17,Login,15
T4840929,C102808,2022-01-30,Content Quality,6
T1866071,C102808,2024-04-20,Login,2
T2111050,C102808,2022-10-14,App Bug,3
T3804123,C102813,2023-06-25,App Bug,2
T8399551,C102813,2023-05-01,Login,13
T7699199,C102813,2022-10-07,Content Quality,15
T6753648,C102813,2022-01-21,Payment,15
T2026916,C102816,2023-10-25,Login,1
T1066377,C102819,2023-03-05,Content Quality,12
T2043677,C102819,2022-07-09,Content Quality,3
T7431063,C102820,2024-03-21,Other,15
T7940546,C102826,2023-02-23,App Bug,7
T5709083,C102826,2023-12-22,Content Quality,11
T5925008,C102831,2023-08-30,App Bug,4
T6891782,C102831,2023-10-22,Login,4
T1257451,C102831,2022-05-09,Other,5
T4820474,C102831,2022-03-06,App Bug,10
T5167173,C102833,2022-09-26,Login,10
T4627106,C102833,2023-08-05,Payment,4
T8048555,C102833,2023-01-10,Content Quality,3
T9550693,C102833,2023-10-22,Login,6
T9059998,C102836,2023-04-10,Content Quality,9
T2430344,C102836,2022-11-15,App Bug,13
T3552426,C102836,2023-03-10,Login,3
T2641955,C102846,2023-03-08,App Bug,15
T6401686,C102846,2023-11-24,Login,12
T2073954,C102848,2023-07-02,App Bug,8
T2964030,C102848,2023-11-17,Content Quality,11
T1495353,C102848,2022-12-03,Payment,2
T5956268,C102848,2023-10-13,Content Quality,10
T1274173,C102850,2023-11-22,App Bug,3
T4181179,C102850,2023-05-12,Payment,7
T6605322,C102850,2023-04-14,Other,2
T8060463,C102851,2023-06-24,Payment,2
T3007708,C102851,2022-08-23,Content Quality,6
T2632102,C102854,2022-01-30,App Bug,13
T7208789,C102854,2022-03-30,Other,9
T6830150,C102854,2022-06-23,App Bug,7
T3301977,C102854,2022-11-29,Login,11
T6043331,C102855,2023-09-20,Content Quality,4
T6436421,C102856,2023-01-02,Payment,8
T1061150,C102856,2022-10-09,Content Quality,0
T6318255,C102856,2024-01-19,Other,4
T9697546,C102856,2023-11-02,Content Quality,4
T9402694,C102870,2022-04-27,Content Quality,7
T6629100,C102870,2022-07-18,Login,7
T2318620,C102870,2022-11-06,Login,1
T8005383,C102871,2022-08-19,App Bug,9
T4676295,C102871,2023-08-30,Other,11
T5329457,C102871,2022-10-29,Payment,15
T8506863,C102871,2022-01-13,Other,10
T5045287,C102874,2022-06-09,App Bug,8
T3025731,C102874,2022-01-31,Content Quality,14
T6121465,C102875,2023-05-12,Payment,6
T3419404,C102875,2023-06-23,Other,13
T9871989,C102875,2023-05-25,Content Quality,4
T6972660,C102882,2022-02-16,Other,3
T3650024,C102884,2023-08-20,Login,7
T9398677,C102884,2022-07-28,Payment,12
T4637043,C102884,2024-01-31,Other,8
T9461103,C102884,2023-01-02,App Bug,15
T5161952,C102885,2024-03-16,Content Quality,12
T9810101,C102885,2022-06-03,Other,10
T9432642,C102885,2024-02-07,Content Quality,9
T2240484,C102885,2023-10-24,App Bug,3
T9823846,C102891,2023-07-13,Login,0
T1812361,C102891,2023-01-11,App Bug,14
T6252369,C102891,2022-11-05,Payment,3
T6592537,C102891,2022-05-07,App Bug,5
T4328426,C102898,2022-01-25,Content Quality,0
T8966153,C102900,2024-05-28,Payment,10
T8781212,C102900,2022-04-11,Content Quality,5
T6131713,C102902,2023-10-02,Payment,15
T9466315,C102902,2024-06-18,Payment,7
T1627234,C102902,2023-03-11,Content Quality,1
T2687672,C102911,2023-10-07,Content Quality,14
T3810119,C102911,2024-06-13,Content Quality,15
T2400608,C102911,2022-02-01,Content Quality,3
T9625348,C102911,2022-08-03,Login,15
T3199348,C102913,2023-11-22,App Bug,7
T1034417,C102913,2023-02-17,Payment,13
T7374368,C102913,2023-09-14,Payment,13
T9478608,C102913,2024-05-19,Content Quality,8
T3245490,C102918,2022-07-22,Content Quality,4
T7843613,C102918,2022-01-30,Login,5
T8658263,C102921,2024-06-15,Payment,9
T6635054,C102921,2022-08-11,Content Quality,11
T9207646,C102923,2023-05-30,App Bug,8
T5122647,C102923,2023-12-21,App Bug,9
T6548210,C102924,2024-04-11,Payment,0
T1086788,C102925,2024-04-15,Login,11
T5783917,C102926,2023-12-29,Content Quality,11
T4287963,C102926,2022-02-28,Payment,14
T9776858,C102940,2022-03-30,App Bug,4
T3982357,C102940,2023-12-29,Content Quality,14
T1923964,C102940,2022-02-02,Payment,4
T2475185,C102941,2023-03-16,Login,6
T3855158,C102941,2023-09-10,Login,6
T9470365,C102942,2023-08-24,Content Quality,14
T5699770,C102942,2024-04-30,Content Quality,9
T1044342,C102946,2023-10-29,Content Quality,14
T9963000,C102946,2024-04-12,Payment,13
T1125806,C102946,2023-03-16,Content Quality,14
T7767370,C102946,2023-12-16,App Bug,9
T4879451,C102951,2022-04-16,Content Quality,11
T3616808,C102951,2023-11-22,Login,7
T2476862,C102951,2022-09-10,Content Quality,5
T9394631,C102951,2023-07-15,Content Quality,10
T1046155,C102952,2024-01-23,App Bug,11
T3137776,C102952,2022-10-03,App Bug,6
T2695772,C102952,2022-03-19,Login,5
T3352369,C102952,2023-01-22,Payment,11
T5270076,C102965,2022-08-26,Content Quality,4
T5644217,C102965,2022-12-11,App Bug,4
T6350327,C102965,2023-10-12,Content Quality,0
T5450864,C102969,2022-11-10,Content Quality,14
T7270493,C102969,2023-12-09,Payment,0
T5968760,C102969,2023-12-05,Login,13
T6038153,C102972,2022-12-16,Payment,4
T9407060,C102972,2022-06-04,Other,0
T5855014,C102976,2023-10-25,Content Quality,0
T6413719,C102976,2024-04-13,Login,14
T8115230,C102976,2023-09-01,App Bug,14
T4316167,C102976,2023-11-17,Content Quality,6
T8620738,C102978,2023-06-17,Login,12
T8262883,C102980,2024-05-06,App Bug,6
T3743597,C102980,2022-02-09,Other,13
T6767856,C102980,2023-03-11,Login,7
T2285618,C102980,2023-01-09,Payment,11
T2350338,C102984,2022-06-12,Other,8
T7714541,C102984,2023-06-17,Payment,5
T4949556,C102984,2023-10-14,Payment,11
T3025259,C102984,2022-12-20,App Bug,11
T7780526,C102985,2022-09-16,Login,13
T4960295,C102985,2023-03-25,Login,1
T2542412,C102988,2023-06-26,Payment,5
T5658101,C102991,2023-12-14,Content Quality,13
T1688199,C102991,2022-01-15,App Bug,2
T3045000,C102991,2024-02-12,Content Quality,2
T8300465,C102991,2023-01-10,App Bug,13
T2092708,C102992,2024-01-25,App Bug,0
