customer_id,date,nps,churn_reason
C100003,2023-07-15,4,Content
C100004,2022-07-01,10,Moved to Competitor
C100005,2022-05-17,4,App Issues
C100007,2023-03-02,6,
C100008,2023-03-14,3,
C100009,2022-10-28,9,Poor Support
C100010,2023-01-05,3,
C100012,2022-12-03,6,
C100013,2023-09-10,6,
C100016,2023-12-11,9,
C100017,2022-02-08,10,
C100018,2023-12-21,5,Price
C100022,2023-05-01,1,
C100024,2023-08-31,8,Moved to Competitor
C100025,2023-11-13,7,
C100026,2023-03-27,4,
C100030,2024-01-20,10,App Issues
C100031,2023-10-26,9,
C100033,2023-06-04,9,Content
C100034,2022-07-10,9,
C100036,2022-11-22,5,
C100037,2022-04-21,7,
C100040,2023-01-16,1,
C100041,2022-10-19,7,
C100042,2023-05-11,3,
C100044,2023-07-31,4,
C100047,2023-10-04,5,
C100049,2022-07-08,1,Content
C100050,2023-01-22,3,
C100052,2023-03-08,5,Content
C100054,2023-08-29,6,
C100055,2023-06-23,2,App Issues
C100057,2022-12-10,8,
C100058,2022-06-07,1,Price
C100060,2022-07-23,1,
C100061,2024-03-09,1,
C100063,2022-11-10,10,
C100065,2024-01-19,8,
C100066,2022-04-10,3,
C100069,2022-06-23,8,
C100071,2023-12-31,7,
C100074,2022-08-20,4,
C100076,2023-06-08,8,
C100077,2024-01-01,8,
C100078,2022-12-23,9,
C100079,2023-12-04,8,
C100080,2022-11-30,10,
C100081,2023-09-02,6,Moved to Competitor
C100083,2023-07-11,7,
C100085,2023-06-11,1,
C100088,2022-05-25,1,
C100091,2023-03-16,2,
C100093,2022-04-23,8,
C100094,2022-10-23,5,
C100095,2022-09-19,5,
C100096,2022-08-19,7,
C100097,2022-10-27,6,Moved to Competitor
C100101,2022-05-26,3,
C100104,2022-06-11,6,
C100106,2023-08-31,3,
C100107,2023-10-08,1,
C100108,2022-12-03,10,
C100109,2023-12-27,1,
C100110,2023-06-08,5,App Issues
C100112,2022-08-07,9,
C100113,2022-05-28,5,
C100114,2023-09-23,8,App Issues
C100115,2024-01-12,4,
C100116,2022-10-30,4,
C100117,2022-12-24,7,
C100119,2023-09-24,9,
C100121,2022-02-20,4,
C100122,2022-02-13,5,
C100127,2023-07-05,7,
C100129,2022-09-08,10,
C100131,2023-12-21,1,
C100132,2023-05-26,4,
C100133,2023-07-18,4,Price
C100134,2023-08-25,10,
C100138,2022-06-25,8,
C100140,2023-06-23,4,
C100141,2023-08-08,8,
C100142,2023-06-16,9,
C100144,2023-02-03,8,
C100145,2022-09-25,5,
C100148,2023-03-22,7,
C100149,2023-05-01,5,
C100150,2023-02-26,4,
C100152,2023-03-09,7,
C100153,2023-07-24,3,
C100155,2024-02-10,4,
C100156,2022-07-19,6,
C100157,2023-09-21,7,
C100158,2022-08-11,5,
C100160,2022-04-16,4,
C100161,2023-04-27,10,App Issues
C100162,2023-08-15,7,
C100164,2022-03-24,9,
C100166,2023-02-11,8,
C100167,2022-10-15,3,
C100168,2023-08-20,4,
C100169,2023-08-15,10,
C100170,2024-01-04,6,
C100171,2022-12-10,7,
C100172,2023-12-04,3,
C100174,2023-11-21,6,
C100175,2022-09-01,3,
C100179,2023-08-13,2,
C100183,2024-03-08,2,
C100184,2022-04-29,4,
C100185,2023-06-18,4,
C100186,2023-11-14,10,
C100189,2022-09-02,6,
C100193,2022-08-08,6,
C100194,2023-05-26,5,
C100195,2023-05-29,7,
C100196,2022-04-30,7,
C100199,2022-06-11,3,Poor Support
C100200,2022-11-28,4,
C100201,2022-05-25,10,
C100202,2022-04-06,9,
C100203,2023-04-15,9,
C100205,2024-01-03,10,Poor Support
C100208,2023-11-19,9,
C100209,2023-02-16,5,
C100210,2023-10-12,10,App Issues
C100212,2022-05-21,4,
C100213,2023-01-22,4,
C100214,2023-04-19,3,
C100217,2023-12-18,2,
C100220,2023-07-23,5,Price
C100221,2022-08-28,5,App Issues
C100222,2023-12-23,5,
C100223,2022-09-02,8,Poor Support
C100224,2024-02-20,7,
C100227,2022-08-01,3,
C100228,2023-09-14,6,
C100229,2023-05-13,5,
C100231,2022-07-12,1,Price
C100232,2022-09-02,7,Content
C100235,2023-04-28,1,
C100236,2023-02-22,3,
C100237,2024-03-10,2,
C100239,2023-07-31,8,
C100240,2024-01-11,9,
C100243,2023-12-05,4,
C100246,2023-09-30,7,
C100247,2023-09-12,4,
C100250,2023-07-07,5,
C100252,2022-05-12,7,
C100256,2023-04-05,2,
C100257,2022-03-03,4,
C100258,2023-12-30,7,
C100259,2023-11-22,8,
C100260,2022-05-22,2,
C100261,2023-06-10,1,
C100262,2022-11-10,2,
C100264,2022-07-27,1,
C100266,2023-07-13,7,
C100267,2023-02-12,1,
C100268,2022-02-10,10,Price
C100271,2022-04-17,4,
C100272,2022-11-17,9,Poor Support
C100275,2023-03-26,10,
C100276,2022-02-19,5,
C100278,2023-04-05,9,Moved to Competitor
C100279,2023-03-26,10,
C100281,2023-08-01,10,
C100282,2022-04-06,9,Price
C100284,2023-02-01,5,
C100285,2022-08-06,3,
C100288,2022-06-18,10,
C100290,2022-03-14,3,
C100291,2023-03-10,1,
C100293,2022-05-19,5,
C100294,2023-05-20,8,
C100295,2023-04-27,8,
C100298,2023-12-18,7,
C100299,2024-01-01,8,
C100300,2023-11-02,9,
C100301,2023-04-24,7,
C100308,2022-10-04,4,
C100309,2022-10-30,2,
C100310,2024-01-13,6,Price
C100311,2022-05-15,8,Content
C100312,2022-06-17,3,Poor Support
C100313,2023-03-22,10,
C100314,2023-11-01,4,
C100316,2022-03-09,7,
C100317,2023-02-05,10,
C100319,2023-03-25,3,
C100322,2024-03-10,1,
C100327,2022-07-27,1,
C100328,2022-06-05,1,
C100334,2022-10-19,4,
C100335,2022-10-11,9,
C100336,2023-06-24,10,
C100337,2022-10-08,7,App Issues
C100338,2022-03-10,4,
C100339,2023-10-14,6,App Issues
C100340,2023-05-01,8,
C100343,2022-04-04,6,
C100344,2023-10-21,8,Price
C100345,2023-06-02,8,
C100350,2023-12-23,4,
C100351,2023-02-28,6,
C100355,2022-04-30,2,App Issues
C100356,2023-01-14,2,
C100357,2023-12-25,2,
C100358,2022-06-11,3,
C100361,2023-11-17,7,
C100365,2022-11-29,4,
C100366,2023-05-19,8,
C100367,2023-05-15,7,
C100369,2023-04-25,6,
C100372,2022-12-09,4,
C100373,2023-04-04,4,Content
C100376,2022-09-14,9,
C100377,2023-07-30,4,Poor Support
C100378,2022-09-24,4,
C100380,2023-05-18,2,
C100381,2023-10-05,6,
C100384,2023-06-03,9,
C100387,2022-07-09,10,
C100388,2023-07-25,7,
C100389,2022-07-25,9,
C100390,2023-03-10,2,
C100391,2024-03-10,7,
C100392,2022-10-13,9,
C100393,2022-11-25,3,
C100394,2022-05-28,5,
C100396,2022-03-06,7,
C100397,2023-08-30,10,
C100398,2023-03-28,6,Price
C100399,2023-09-10,8,
C100401,2023-07-25,1,
C100404,2022-02-01,5,
C100406,2023-11-01,4,
C100410,2022-07-02,8,
C100411,2022-09-15,8,
C100413,2022-02-12,8,
C100414,2022-08-27,4,
C100415,2024-01-12,7,
C100416,2022-06-02,4,
C100417,2022-02-08,3,
C100418,2022-06-21,10,Price
C100419,2022-05-07,10,
C100420,2022-12-07,6,
C100422,2022-02-22,6,
C100423,2023-09-29,6,Content
C100425,2022-07-11,3,
C100426,2024-01-08,2,
C100427,2022-02-25,1,
C100430,2024-02-22,6,
C100431,2023-03-17,8,
C100432,2023-10-14,10,
C100433,2022-11-01,9,
C100435,2023-08-25,8,
C100436,2023-11-13,8,
C100442,2023-08-18,1,
C100443,2023-12-28,8,
C100445,2024-02-22,2,Content
C100447,2023-07-23,5,
C100448,2023-06-16,7,
C100449,2022-09-19,7,
C100450,2022-03-25,9,
C100451,2022-08-09,4,Price
C100452,2022-10-31,5,
C100454,2023-08-03,4,Moved to Competitor
C100455,2022-11-26,8,Price
C100456,2023-11-25,1,Price
C100457,2023-01-05,7,
C100460,2022-06-29,3,Price
C100462,2023-07-29,9,
C100464,2023-05-06,10,
C100466,2022-12-20,7,
C100469,2023-05-08,9,
C100470,2023-12-19,1,
C100471,2023-01-02,8,Poor Support
C100472,2022-09-10,2,
C100474,2023-04-22,9,
C100475,2022-04-14,7,App Issues
C100476,2023-02-11,6,
C100477,2022-03-04,7,App Issues
C100481,2023-12-17,2,
C100482,2024-01-02,6,
C100487,2022-02-15,8,
C100488,2022-07-01,3,
C100489,2023-12-03,5,
C100491,2023-03-30,7,
C100493,2023-11-25,9,
C100496,2023-05-08,4,
C100499,2023-11-09,4,Content
C100503,2023-12-11,8,
C100505,2024-02-04,3,
C100506,2022-07-25,9,
C100508,2022-07-12,1,Poor Support
C100512,2023-08-24,8,
C100514,2022-05-16,6,
C100515,2024-02-25,7,Price
C100517,2022-12-18,6,
C100518,2024-01-29,7,
C100519,2022-08-14,2,Price
C100523,2022-08-06,4,
C100525,2022-02-08,8,
C100527,2022-02-12,3,
C100529,2023-08-26,10,
C100530,2023-09-03,8,
C100534,2022-02-03,5,Price
C100535,2023-08-10,2,Poor Support
C100537,2023-07-08,1,App Issues
C100538,2022-05-28,2,
C100540,2023-06-30,8,
C100541,2022-07-14,6,Poor Support
C100542,2022-11-19,7,
C100547,2022-11-15,7,
C100549,2023-12-24,8,Content
C100551,2022-09-15,8,
C100552,2022-03-22,6,
C100553,2023-09-18,8,
C100554,2023-12-10,7,Moved to Competitor
C100555,2022-07-29,5,
C100558,2023-08-16,1,
C100562,2022-04-05,7,
C100566,2022-10-18,8,
C100568,2022-08-04,7,
C100569,2022-07-04,3,
C100572,2022-03-31,4,
C100573,2022-08-04,2,
C100574,2023-07-07,6,App Issues
C100575,2022-08-07,6,
C100578,2022-05-20,7,
C100580,2022-05-11,6,
C100583,2022-04-03,10,
C100587,2022-03-18,10,
C100588,2022-10-08,10,
C100589,2022-11-06,1,
C100590,2023-10-23,4,
C100591,2023-01-22,9,
C100592,2024-01-23,6,
C100594,2022-07-29,1,Price
C100595,2023-01-24,7,
C100596,2022-04-17,10,
C100597,2023-08-17,6,
C100600,2022-09-28,8,
C100602,2022-07-31,9,
C100605,2022-04-26,6,
C100607,2022-10-04,10,
C100608,2023-09-12,8,
C100609,2022-09-16,9,
C100610,2023-11-30,8,
C100612,2022-05-19,7,
C100615,2023-06-21,10,
C100616,2024-02-03,1,
C100617,2023-08-17,6,
C100618,2022-05-12,4,
C100619,2022-05-15,7,
C100620,2024-02-11,4,Content
C100621,2023-03-04,4,
C100622,2024-01-22,5,
C100623,2023-03-10,9,
C100624,2022-09-27,1,
C100627,2023-05-20,6,
C100630,2023-09-10,1,
C100631,2022-09-22,5,
C100632,2023-02-04,4,
C100634,2024-02-23,5,
C100635,2024-02-15,9,
C100636,2023-11-09,3,
C100637,2024-01-03,8,
C100638,2023-08-21,2,
C100639,2022-02-21,10,
C100640,2024-03-10,2,
C100641,2024-03-02,4,
C100643,2023-08-20,9,
C100645,2022-03-15,1,
C100646,2022-12-03,10,
C100647,2023-05-29,8,
C100648,2022-03-10,5,
C100654,2024-01-01,6,
C100656,2023-06-25,5,
C100658,2022-08-21,8,
C100664,2023-01-17,9,Price
C100667,2023-08-23,10,
C100668,2022-12-11,3,
C100669,2023-03-14,3,
C100671,2023-01-29,3,
C100673,2023-08-24,2,
C100674,2022-10-11,6,
C100677,2024-03-05,7,
C100678,2022-09-08,3,
C100679,2024-02-15,5,Content
C100680,2022-09-05,4,
C100681,2022-06-12,5,Poor Support
C100682,2024-02-10,1,Price
C100683,2023-12-09,8,
C100684,2023-01-12,8,
C100685,2022-10-31,2,
C100686,2022-04-06,3,
C100688,2023-11-07,9,
C100689,2022-04-21,9,
C100694,2023-02-07,9,
C100695,2023-04-13,6,
C100697,2022-12-28,4,
C100701,2022-05-31,9,Price
C100702,2024-02-17,6,
C100703,2023-03-17,6,
C100705,2023-04-09,2,
C100706,2022-05-28,5,App Issues
C100708,2023-12-14,10,
C100709,2022-07-13,4,
C100710,2023-11-16,6,
C100713,2023-11-22,7,
C100718,2023-07-28,5,
C100719,2022-05-24,6,
C100720,2023-11-10,8,
C100722,2022-02-18,6,Price
C100724,2023-03-17,10,
C100726,2023-06-04,1,
C100727,2022-12-23,5,
C100728,2023-05-22,5,
C100730,2023-11-03,2,
C100731,2022-08-29,3,
C100733,2023-09-22,1,
C100734,2022-06-16,8,
C100737,2022-03-17,5,
C100738,2023-04-04,9,Price
C100742,2022-09-02,1,
C100743,2024-01-20,10,
C100746,2023-01-25,6,
C100747,2024-01-30,5,
C100749,2024-02-27,9,
C100750,2023-09-08,3,
C100752,2022-12-28,6,
C100755,2022-05-21,6,
C100756,2022-10-30,8,
C100757,2024-01-09,9,
C100758,2022-04-01,2,
C100760,2023-11-15,2,
C100761,2022-08-20,4,
C100765,2022-09-14,3,
C100767,2022-09-14,10,
C100768,2022-02-26,9,
C100770,2022-12-12,7,
C100773,2022-03-16,8,
C100774,2022-07-12,2,Moved to Competitor
C100775,2022-02-03,4,
C100778,2024-03-07,7,
C100779,2023-08-15,2,
C100782,2022-11-23,2,
C100783,2022-08-21,5,
C100785,2023-03-24,8,Poor Support
C100786,2022-10-29,3,
C100787,2023-12-05,9,
C100789,2023-10-02,4,
C100791,2022-03-24,10,Price
C100792,2022-06-27,1,Price
C100794,2023-09-21,9,
C100795,2023-03-29,2,
C100797,2022-02-14,4,
C100798,2024-02-07,7,
C100801,2023-10-31,5,
C100803,2022-06-19,5,
C100804,2022-12-15,3,
C100806,2023-09-22,10,
C100808,2022-06-25,9,
C100809,2023-01-09,2,
C100810,2022-02-13,5,
C100812,2024-01-01,2,
C100813,2022-11-14,6,
C100816,2022-02-07,6,
C100818,2023-06-16,9,
C100819,2022-08-02,4,
C100821,2023-05-08,8,Poor Support
C100822,2022-10-13,6,
C100824,2023-10-05,2,
C100829,2022-08-18,6,Content
C100830,2023-02-20,3,
C100833,2023-04-02,9,
C100834,2022-11-13,7,
C100835,2022-09-08,2,
C100836,2023-03-26,7,
C100837,2023-03-13,7,
C100839,2024-02-14,4,
C100840,2023-11-11,2,Poor Support
C100842,2023-12-22,5,
C100843,2023-11-18,2,
C100844,2023-05-06,1,
C100845,2022-04-23,4,Moved to Competitor
C100846,2022-08-05,10,
C100847,2022-09-24,10,
C100848,2022-11-07,6,
C100850,2022-02-21,6,
C100852,2022-12-12,1,
C100853,2022-06-16,7,
C100855,2022-04-23,8,
C100857,2023-01-31,7,Content
C100858,2022-05-11,7,
C100859,2022-05-24,7,
C100863,2022-07-03,1,
C100864,2022-06-30,5,
C100865,2023-03-28,10,
C100868,2022-07-27,7,
C100873,2023-02-11,7,
C100874,2022-08-16,3,
C100875,2022-06-26,4,
C100876,2023-12-16,6,
C100878,2023-02-01,4,
C100881,2023-07-14,5,
C100882,2022-02-15,1,
C100883,2022-10-30,6,App Issues
C100884,2023-10-02,5,Price
C100885,2022-03-30,7,Content
C100887,2023-10-02,1,Moved to Competitor
C100889,2023-11-30,4,
C100891,2023-05-31,2,Poor Support
C100894,2022-06-28,3,Moved to Competitor
C100895,2023-06-28,7,Content
C100896,2023-10-26,1,Moved to Competitor
C100898,2024-03-09,1,
C100899,2022-08-02,4,
C100900,2023-10-29,3,
C100901,2022-05-01,5,
C100905,2023-10-13,1,Poor Support
C100907,2022-02-26,8,
C100908,2022-02-22,2,
C100910,2024-02-23,1,
C100911,2023-06-13,1,
C100913,2022-06-28,4,
C100914,2023-01-28,2,
C100916,2023-12-12,3,
C100918,2023-11-28,9,
C100920,2022-02-19,9,
C100921,2023-04-23,8,
C100924,2023-08-30,4,
C100925,2022-10-22,8,
C100929,2022-07-30,3,
C100930,2024-02-26,5,App Issues
C100933,2022-05-12,8,
C100934,2023-09-24,5,
C100935,2022-11-28,6,
C100936,2023-03-10,2,Moved to Competitor
C100937,2022-07-23,7,
C100938,2022-07-10,5,
C100939,2023-08-29,8,Poor Support
C100941,2023-06-01,6,
C100944,2022-07-09,4,
C100945,2023-04-13,7,
C100949,2023-09-29,1,
C100950,2022-03-29,4,
C100951,2022-03-18,7,
C100952,2022-09-15,10,App Issues
C100954,2023-10-17,8,Poor Support
C100955,2022-03-29,4,
C100956,2023-11-22,5,
C100958,2022-03-23,9,
C100959,2022-02-01,3,Content
C100963,2022-10-08,6,
C100964,2023-06-14,7,
C100965,2022-05-28,10,
C100968,2023-09-17,2,
C100969,2022-09-03,9,
C100971,2024-01-09,7,Moved to Competitor
C100972,2022-10-04,4,
C100974,2022-12-27,5,Content
C100975,2022-10-19,10,Price
C100979,2024-02-07,7,
C100981,2022-04-09,8,
C100983,2022-03-15,9,
C100984,2023-06-27,8,
C100987,2022-07-14,6,
C100989,2023-11-02,10,
C100990,2022-11-05,9,
C100992,2023-06-16,7,
C100994,2023-07-23,1,
C100995,2023-05-08,6,App Issues
C100997,2024-02-21,2,
C100998,2022-11-24,2,Content
C100999,2022-02-18,6,
C101000,2024-02-16,1,
C101003,2023-12-05,2,
C101004,2022-02-27,5,Content
C101005,2023-06-16,1,
C101006,2024-01-15,3,
C101008,2024-02-01,4,
C101009,2023-11-07,3,
C101010,2024-01-12,6,Price
C101011,2023-09-13,2,
C101012,2023-08-07,1,
C101013,2022-04-14,1,
C101014,2022-05-03,4,Poor Support
C101015,2022-08-10,2,Moved to Competitor
C101016,2023-06-14,2,
C101017,2022-12-30,10,
C101018,2022-11-27,6,
C101019,2023-09-26,4,
C101020,2022-10-22,6,
C101022,2023-05-13,2,
C101024,2023-07-07,9,
C101025,2023-03-07,6,
C101026,2023-07-22,3,
C101027,2023-12-14,2,
C101028,2023-02-17,8,
C101030,2023-01-29,10,
C101035,2024-03-05,8,Content
C101036,2022-09-25,4,
C101037,2022-06-17,4,
C101039,2024-02-10,3,
C101040,2022-04-28,4,
C101042,2023-03-26,7,
C101043,2023-08-25,1,
C101048,2022-08-21,7,
C101049,2024-02-17,10,
C101050,2022-06-22,5,Poor Support
C101051,2022-05-03,10,Moved to Competitor
C101052,2023-06-14,1,
C101056,2023-02-23,1,
C101057,2022-02-18,2,
C101058,2023-12-18,9,Content
C101060,2023-10-22,2,
C101061,2022-06-12,6,Price
C101062,2023-01-05,4,
C101063,2022-12-25,9,
C101065,2023-07-26,1,
C101067,2022-06-25,2,
C101068,2024-01-21,7,
C101069,2022-04-23,5,
C101071,2024-01-28,2,
C101072,2023-06-07,7,
C101073,2022-06-08,10,
C101074,2022-03-23,8,
C101075,2022-04-18,2,
C101076,2023-08-09,4,
C101080,2023-05-28,1,
C101081,2023-12-27,1,App Issues
C101083,2023-11-12,6,
C101084,2023-09-08,8,
C101086,2023-11-06,5,
C101087,2022-06-03,8,
C101090,2022-07-28,9,
C101091,2022-08-04,1,
C101096,2024-01-23,6,
C101098,2022-10-15,7,
C101099,2023-12-02,5,
C101100,2023-03-26,2,
C101102,2022-07-18,6,
C101104,2023-01-16,10,Price
C101107,2022-09-16,9,
C101108,2022-08-15,6,
C101109,2023-02-18,3,
C101110,2022-05-31,9,
C101111,2022-04-01,6,
C101112,2024-01-06,6,
C101113,2023-03-09,2,
C101114,2023-10-16,9,
C101115,2023-04-04,9,
C101118,2023-10-07,8,
C101119,2022-03-17,7,
C101120,2023-07-27,1,
C101121,2024-01-16,10,
C101124,2023-05-24,8,Content
C101125,2023-01-21,6,
C101128,2022-08-19,8,
C101130,2023-12-28,3,
C101131,2024-02-05,4,
C101132,2022-03-09,2,
C101133,2023-08-20,4,
C101134,2022-08-01,5,Poor Support
C101135,2022-12-07,2,Poor Support
C101136,2023-09-12,8,
C101137,2022-06-29,10,
C101140,2022-03-30,6,Content
C101141,2023-02-03,3,Price
C101143,2023-01-21,9,
C101144,2022-06-19,8,
C101145,2022-04-21,10,
C101149,2023-02-15,8,
C101152,2023-03-03,3,Poor Support
C101153,2023-07-10,6,
C101154,2022-08-30,10,
C101156,2024-01-26,9,
C101158,2023-08-30,6,
C101162,2022-06-11,6,
C101164,2024-01-04,2,
C101170,2023-01-12,9,
C101172,2023-08-04,3,
C101173,2022-05-09,4,Moved to Competitor
C101174,2023-10-03,5,
C101176,2023-06-25,8,
C101177,2024-01-22,7,
C101178,2022-08-02,2,
C101179,2023-09-15,4,App Issues
C101183,2022-04-09,6,Moved to Competitor
C101184,2023-01-29,5,
C101187,2022-08-29,4,
C101188,2023-07-01,9,
C101190,2023-10-17,6,Price
C101192,2024-02-10,3,
C101193,2023-02-14,3,
C101194,2022-10-29,7,
C101196,2022-04-20,1,Poor Support
C101197,2023-08-01,5,
C101198,2023-08-26,8,
C101199,2023-04-22,5,
C101203,2023-08-17,10,
C101209,2022-05-25,9,Content
C101210,2023-06-10,6,
C101211,2022-10-01,6,
C101212,2022-11-30,4,
C101214,2022-05-03,1,
C101215,2023-11-08,5,
C101216,2024-01-03,8,
C101219,2023-01-14,8,
C101221,2023-09-20,6,Poor Support
C101222,2023-05-16,9,
C101223,2022-12-18,5,
C101224,2023-10-28,6,
C101225,2022-06-17,4,
C101227,2022-04-25,3,Content
C101228,2023-09-22,6,
C101229,2023-08-02,5,
C101231,2023-05-01,3,
C101232,2022-07-30,2,
C101233,2023-10-19,2,Price
C101236,2024-02-03,6,
C101239,2023-05-27,6,
C101240,2023-11-23,4,
C101241,2023-04-02,2,
C101242,2023-03-12,8,
C101247,2022-02-19,8,
C101248,2023-05-06,4,
C101250,2023-08-03,5,
C101253,2022-09-17,7,
C101254,2022-02-27,8,
C101256,2023-03-09,1,
C101257,2022-08-03,9,
C101260,2022-09-01,1,
C101261,2022-11-13,6,
C101264,2023-04-05,4,App Issues
C101265,2023-10-28,4,
C101267,2022-04-17,6,
C101269,2023-05-04,2,Content
C101272,2024-01-13,3,
C101273,2023-12-21,8,Price
C101274,2022-03-03,2,
C101278,2023-01-29,2,App Issues
C101280,2022-05-22,10,
C101281,2023-06-26,5,
C101282,2023-08-10,2,
C101283,2022-08-24,5,App Issues
C101285,2022-04-25,5,
C101286,2023-01-13,3,Moved to Competitor
C101287,2023-05-19,9,
C101291,2023-04-24,9,
C101293,2022-07-26,9,
C101294,2023-10-12,6,
C101295,2024-01-29,9,
C101296,2022-10-06,6,
C101298,2022-07-16,8,
C101300,2023-01-24,3,
C101301,2023-08-11,3,Content
C101303,2022-12-02,9,
C101304,2022-07-06,5,
C101305,2022-02-07,8,
C101307,2023-05-04,2,
C101308,2022-07-22,1,
C101310,2022-07-24,10,Content
C101311,2022-04-25,4,Price
C101312,2022-05-18,5,
C101315,2022-02-02,9,
C101316,2023-07-31,1,
C101320,2022-12-22,8,
C101322,2023-03-07,4,
C101323,2023-05-02,3,
C101326,2023-08-02,2,App Issues
C101327,2024-01-13,6,
C101329,2023-06-06,9,App Issues
C101332,2023-11-04,3,
C101333,2022-06-30,9,
C101334,2023-01-19,6,
C101335,2022-10-03,4,Poor Support
C101336,2024-02-24,8,Price
C101339,2022-05-09,9,
C101340,2022-04-26,8,
C101341,2022-11-17,7,
C101342,2023-11-04,4,
C101343,2023-01-08,8,
C101347,2023-03-27,3,
C101348,2022-04-17,9,
C101350,2023-04-13,1,
C101351,2022-07-18,6,
C101355,2022-06-28,3,Poor Support
C101358,2022-12-12,2,
C101360,2022-07-06,6,Price
C101361,2023-05-17,1,
C101363,2022-11-19,2,
C101364,2024-01-12,5,
C101367,2023-07-03,1,
C101368,2022-06-11,4,
C101369,2022-03-19,1,
C101370,2022-09-10,6,Content
C101371,2024-02-20,5,
C101372,2023-12-07,5,App Issues
C101373,2022-05-04,5,
C101374,2024-01-14,1,
C101375,2022-05-19,1,
C101376,2022-04-21,1,
C101377,2023-05-27,7,
C101378,2023-10-11,6,Content
C101379,2022-06-05,4,
C101380,2022-10-30,4,
C101381,2022-02-04,8,Price
C101382,2023-08-03,5,
C101383,2022-07-17,3,
C101384,2022-05-24,4,
C101385,2022-12-02,10,
C101388,2023-12-18,6,
C101389,2024-01-18,10,
C101391,2022-11-19,9,
C101392,2022-10-30,2,
C101393,2022-02-13,4,
C101394,2022-04-22,9,
C101395,2023-04-01,3,
C101397,2023-10-10,4,
C101398,2023-12-25,5,App Issues
C101401,2022-12-19,8,
C101404,2022-09-13,3,
C101405,2023-07-09,8,
C101407,2022-12-20,1,Price
C101408,2023-01-24,2,
C101411,2022-05-12,3,
C101412,2023-06-13,9,Poor Support
C101414,2022-12-09,4,
C101415,2023-10-19,9,
C101416,2022-07-26,8,Content
C101419,2023-03-26,4,
C101420,2023-10-04,9,
C101421,2023-02-10,8,
C101423,2022-09-17,10,
C101424,2023-02-14,9,
C101426,2023-05-11,10,
C101427,2022-08-31,3,Poor Support
C101428,2024-03-02,8,
C101429,2023-01-09,3,
C101431,2022-10-13,1,App Issues
C101433,2024-02-13,9,
C101436,2023-02-22,7,
C101440,2023-02-22,8,
C101441,2023-07-04,3,
C101442,2023-07-09,2,
C101443,2022-02-25,7,
C101444,2023-04-04,5,
C101445,2023-09-05,10,
C101448,2022-11-16,9,
C101449,2022-07-05,3,
C101453,2023-12-10,3,
C101454,2024-02-29,1,Price
C101455,2022-04-12,7,
C101456,2023-03-05,3,
C101458,2023-08-05,4,
C101459,2023-07-12,8,
C101460,2023-03-24,6,
C101461,2023-07-28,7,
C101462,2022-08-24,3,
C101464,2023-07-09,7,
C101465,2023-01-30,2,
C101470,2022-04-24,2,Price
C101471,2022-10-18,1,
C101472,2023-12-05,3,
C101474,2022-12-21,5,
C101475,2022-03-28,1,
C101476,2022-10-01,9,
C101477,2024-01-19,3,
C101478,2024-02-20,1,
C101479,2024-02-11,9,
C101482,2023-10-24,1,
C101483,2022-06-20,1,
C101486,2023-04-29,6,
C101487,2023-10-18,10,
C101490,2022-03-10,5,
C101491,2023-03-26,2,
C101494,2023-01-12,1,
C101495,2023-08-22,5,
C101496,2022-03-05,1,
C101497,2023-12-24,3,
C101499,2023-04-14,3,Price
C101500,2023-03-17,5,
C101501,2023-09-13,4,
C101502,2022-07-05,6,Moved to Competitor
C101503,2022-12-13,4,Moved to Competitor
C101504,2022-04-08,2,
C101510,2024-01-14,2,
C101515,2023-07-03,5,Poor Support
C101516,2022-11-02,10,
C101517,2022-10-07,10,
C101518,2023-10-09,1,Content
C101521,2023-01-31,10,
C101522,2022-02-01,9,
C101523,2023-12-22,9,
C101524,2022-07-12,2,
C101525,2022-08-13,4,
C101527,2022-02-15,3,
C101532,2024-01-25,9,
C101543,2023-12-24,10,
C101548,2023-02-01,10,
C101552,2022-09-08,1,
C101556,2022-02-23,10,
C101559,2022-12-27,5,
C101561,2022-04-07,1,
C101562,2022-05-27,4,
C101563,2023-10-03,3,
C101564,2022-05-31,9,
C101566,2024-01-27,6,
C101567,2023-01-06,10,
C101568,2022-04-19,9,
C101569,2023-06-26,3,
C101570,2023-03-12,2,
C101572,2022-02-06,4,Price
C101573,2024-01-25,5,
C101574,2022-06-05,8,
C101576,2022-05-18,6,App Issues
C101577,2022-10-06,10,
C101579,2023-08-05,7,
C101583,2022-04-13,2,
C101584,2023-01-18,3,
C101586,2022-11-24,4,
C101587,2023-12-09,4,
C101591,2023-06-27,1,
C101593,2022-06-09,9,
C101595,2023-02-22,8,App Issues
C101597,2023-10-17,4,
C101599,2024-02-28,4,Price
C101600,2022-06-05,9,
C101602,2024-03-07,9,
C101604,2022-05-06,5,
C101605,2023-02-01,3,Content
C101606,2022-02-21,3,
C101609,2022-12-08,9,
C101610,2023-10-09,8,
C101612,2023-09-22,8,
C101614,2023-05-02,3,
C101615,2023-04-13,7,
C101617,2022-02-10,2,
C101618,2023-05-24,1,Price
C101619,2023-06-30,3,
C101621,2022-02-12,1,App Issues
C101622,2022-10-07,9,
C101623,2024-01-27,7,Content
C101625,2022-03-14,4,
C101626,2023-09-02,3,
C101629,2023-08-18,6,
C101630,2022-05-08,8,Content
C101631,2022-04-12,4,
C101633,2023-01-30,5,
C101634,2023-11-14,4,Content
C101636,2023-08-05,5,
C101637,2024-01-04,6,
C101639,2023-10-20,7,
C101641,2024-03-09,10,
C101642,2023-01-20,8,
C101643,2024-01-01,2,
C101648,2022-08-20,3,
C101650,2022-06-11,2,Content
C101651,2023-11-16,5,
C101652,2023-01-21,5,
C101653,2022-10-10,3,
C101654,2022-04-24,8,
C101655,2022-08-22,5,Moved to Competitor
C101657,2022-10-15,9,
C101658,2023-11-03,4,
C101659,2022-04-16,7,
C101660,2022-05-24,9,Price
C101661,2023-11-27,1,
C101663,2023-11-17,10,
C101666,2023-02-13,2,Poor Support
C101668,2022-11-21,9,
C101670,2023-12-20,2,
C101671,2022-04-04,5,
C101672,2023-04-21,1,
C101673,2023-06-11,1,
C101674,2022-11-05,3,
C101675,2024-02-18,2,Poor Support
C101679,2023-07-24,3,Poor Support
C101680,2023-09-30,3,
C101681,2022-05-20,10,
C101684,2022-03-14,7,
C101685,2023-07-06,7,Poor Support
C101686,2023-04-08,9,
C101688,2022-10-01,1,
C101689,2023-04-20,9,
C101691,2024-02-28,10,
C101693,2023-10-14,1,
C101694,2022-07-08,6,Poor Support
C101696,2022-03-13,6,Price
C101699,2022-10-07,3,
C101702,2023-07-31,6,
C101703,2024-02-09,1,Poor Support
C101706,2022-10-26,9,
C101707,2022-04-18,4,
C101708,2024-01-14,10,Moved to Competitor
C101709,2022-03-28,6,
C101711,2022-05-04,4,
C101712,2022-05-07,10,App Issues
C101713,2022-07-03,10,
C101715,2023-04-01,8,
C101716,2022-08-20,3,
C101717,2023-01-13,1,
C101718,2022-09-22,5,
C101724,2022-03-06,10,
C101726,2023-08-11,2,
C101727,2022-12-21,3,
C101728,2023-12-26,7,
C101729,2023-10-08,2,
C101730,2022-08-16,8,
C101732,2022-05-04,4,
C101733,2023-03-17,6,
C101734,2022-03-10,7,
C101738,2022-04-20,8,
C101739,2022-06-20,5,Price
C101740,2022-04-23,4,Price
C101742,2023-06-23,1,
C101744,2023-02-06,8,
C101745,2024-01-21,1,Content
C101746,2022-02-08,6,
C101749,2023-07-17,1,
C101750,2022-02-27,3,
C101753,2022-04-11,7,
C101754,2022-02-08,10,
C101755,2022-08-26,10,
C101756,2023-03-10,10,
C101758,2022-12-14,6,
C101760,2024-01-01,9,
C101762,2023-01-30,10,
C101763,2022-11-03,2,
C101764,2022-05-14,6,Content
C101766,2023-10-09,10,
C101767,2022-09-01,1,
C101771,2022-03-09,2,
C101772,2023-09-12,6,
C101773,2023-03-12,8,
C101775,2022-09-26,2,
C101776,2022-07-02,6,
C101777,2022-05-20,7,
C101778,2022-05-04,3,Poor Support
C101779,2024-01-27,10,Poor Support
C101780,2022-09-17,4,
C101781,2022-02-28,2,
C101782,2022-09-14,3,
C101783,2022-03-09,3,
C101784,2023-10-17,7,Moved to Competitor
C101785,2023-05-05,7,
C101786,2024-01-18,8,
C101788,2022-04-30,3,
C101789,2022-09-13,7,
C101790,2022-12-26,9,
C101791,2023-07-04,5,
C101796,2023-07-05,5,
C101797,2022-04-28,8,
C101798,2022-05-25,8,
C101801,2022-12-08,4,
C101802,2023-08-06,2,
C101804,2022-08-24,4,
C101806,2022-03-28,10,Price
C101807,2023-01-19,6,Content
C101811,2023-03-13,9,
C101812,2023-01-30,4,
C101813,2024-01-24,8,Price
C101814,2024-01-15,5,
C101818,2023-04-20,4,
C101819,2023-06-16,2,
C101820,2023-12-14,6,
C101821,2022-04-30,6,
C101823,2023-08-18,1,
C101824,2024-02-13,1,Content
C101826,2022-04-10,6,
C101827,2023-11-27,9,Price
C101828,2023-08-13,1,Moved to Competitor
C101829,2023-10-03,2,
C101830,2022-09-14,10,
C101832,2023-08-30,8,
C101833,2023-04-19,10,
C101834,2023-02-06,5,Price
C101835,2023-02-12,10,Moved to Competitor
C101836,2022-12-28,5,
C101839,2023-03-02,3,
C101840,2023-01-15,1,
C101841,2022-09-01,9,
C101844,2023-07-08,6,
C101845,2023-01-10,6,Content
C101848,2023-06-26,7,
C101850,2022-12-30,9,
C101851,2023-04-17,9,
C101854,2022-07-06,2,
C101858,2022-02-12,9,
C101859,2023-07-06,4,
C101860,2022-08-14,8,
C101861,2022-08-19,3,App Issues
C101862,2022-10-30,2,
C101863,2022-10-29,3,
C101864,2022-04-03,4,
C101865,2022-05-06,8,
C101866,2022-11-29,7,
C101867,2023-04-17,1,
C101869,2022-03-17,3,
C101870,2022-08-10,1,Price
C101871,2024-02-21,3,
C101872,2023-09-22,5,
C101873,2023-05-04,6,Price
C101874,2022-04-30,5,
C101880,2023-11-20,3,
C101881,2023-07-07,2,
C101888,2023-08-09,3,
C101889,2022-11-08,4,
C101890,2023-01-17,2,Content
C101895,2022-06-19,3,
C101898,2022-06-05,5,
C101900,2023-02-09,3,
C101901,2023-05-12,10,
C101902,2022-08-13,8,Poor Support
C101903,2022-04-15,10,
C101904,2022-06-21,10,
C101906,2024-02-18,4,Price
C101907,2024-02-02,6,
C101914,2022-11-24,2,Moved to Competitor
C101915,2023-02-11,9,App Issues
C101919,2022-06-19,7,
C101921,2022-06-20,7,Content
C101922,2024-02-07,10,
C101924,2023-12-09,5,
C101926,2024-01-30,2,
C101927,2022-07-22,1,
C101928,2022-04-07,3,App Issues
C101929,2022-03-21,8,
C101931,2023-11-27,6,
C101938,2023-05-10,7,
C101940,2023-12-28,5,
C101942,2022-11-19,4,
C101944,2022-06-14,4,
C101946,2023-05-02,7,
C101950,2023-12-20,6,
C101951,2022-08-09,2,
C101952,2022-03-03,7,
C101953,2023-08-14,8,
C101954,2023-11-19,5,
C101955,2022-11-06,7,Moved to Competitor
C101956,2022-12-04,9,
C101957,2023-03-09,1,
C101959,2022-07-23,1,
C101960,2024-02-12,5,Price
C101963,2022-04-14,4,
C101964,2023-06-10,10,Content
C101965,2022-10-06,6,
C101966,2023-05-24,5,
C101967,2023-12-31,10,
C101968,2023-07-30,6,
C101970,2022-10-03,7,
C101972,2023-02-27,8,
C101974,2023-08-19,8,
C101976,2023-02-11,7,
C101977,2022-12-11,2,
C101979,2022-07-16,4,Poor Support
C101982,2023-03-03,4,
C101983,2023-10-02,7,Price
C101984,2023-04-20,5,
C101990,2022-05-19,5,
C101993,2023-12-28,3,Moved to Competitor
C101995,2022-03-26,1,
C101996,2022-09-13,2,
C101997,2023-10-15,2,
C101999,2022-09-06,5,Price
C102001,2023-12-19,8,Content
C102005,2023-03-02,1,
C102007,2023-03-15,6,
C102009,2023-12-11,9,
C102011,2023-03-31,10,
C102012,2023-12-12,3,
C102013,2023-04-12,10,Content
C102015,2024-02-21,10,
C102016,2022-10-01,2,
C102018,2022-05-25,5,
C102020,2024-02-20,6,
C102021,2024-01-24,9,
C102022,2023-01-07,6,
C102026,2023-11-01,6,
C102027,2023-08-24,6,
C102028,2022-12-02,8,
C102029,2022-12-25,8,
C102031,2022-12-24,1,Poor Support
C102032,2022-03-13,8,Content
C102033,2023-01-25,7,
C102034,2022-11-29,8,
C102035,2023-07-09,1,
C102036,2022-11-04,3,
C102037,2023-01-15,9,
C102039,2022-07-10,1,
C102041,2024-02-28,2,
C102042,2023-02-16,1,
C102044,2023-04-25,4,
C102046,2022-04-17,10,
C102047,2022-12-20,6,
C102048,2024-01-14,10,
C102049,2022-05-26,9,
C102050,2022-04-04,2,Price
C102052,2023-10-12,8,
C102053,2023-02-15,5,
C102054,2023-08-21,8,
C102056,2022-12-06,1,App Issues
C102059,2023-09-13,5,
C102060,2023-12-11,9,
C102061,2024-01-31,5,
C102062,2023-06-24,9,
C102064,2022-10-19,5,
C102065,2024-02-21,1,
C102068,2022-06-14,8,Poor Support
C102070,2023-10-09,7,Price
C102071,2023-07-01,7,
C102072,2022-12-25,4,
C102073,2023-07-01,10,Price
C102075,2022-04-20,9,
C102076,2022-08-09,2,
C102078,2023-10-23,5,
C102079,2023-06-16,7,
C102080,2023-10-08,7,Poor Support
C102081,2024-02-13,10,Price
C102085,2022-11-06,5,
C102086,2022-05-08,2,
C102087,2022-11-22,9,
C102088,2023-03-31,4,Content
C102091,2023-11-01,1,
C102092,2024-02-24,7,
C102093,2024-02-26,5,
C102094,2023-09-08,6,
C102096,2023-11-04,10,Moved to Competitor
C102097,2023-02-06,7,
C102098,2023-01-15,6,
C102099,2022-03-02,5,
C102100,2023-12-06,1,
C102103,2023-10-03,3,
C102105,2023-02-04,6,Moved to Competitor
C102111,2023-07-26,10,
C102116,2022-11-14,8,
C102117,2022-10-15,3,
C102118,2023-02-01,7,
C102120,2022-04-24,7,
C102122,2022-08-18,4,
C102123,2022-03-24,6,Price
C102124,2022-08-21,5,Poor Support
C102125,2023-03-01,3,
C102127,2022-02-01,2,Price
C102129,2022-06-19,4,Poor Support
C102130,2022-06-24,9,
C102132,2024-01-24,6,
C102133,2023-06-10,2,Content
C102136,2023-10-22,3,
C102137,2024-02-20,9,
C102138,2022-10-13,4,
C102141,2024-02-09,4,
C102142,2023-02-07,4,Poor Support
C102143,2022-02-22,10,
C102144,2024-01-18,6,Poor Support
C102145,2022-07-28,10,
C102146,2024-02-13,8,
C102147,2022-02-24,2,
C102148,2024-01-14,10,Price
C102150,2024-02-08,4,
C102155,2022-03-05,4,
C102156,2023-11-22,4,
C102157,2022-02-03,9,
C102158,2022-05-16,4,
C102160,2022-06-27,1,
C102162,2023-07-03,6,
C102165,2023-12-02,6,
C102166,2022-06-19,9,
C102168,2023-10-29,5,
C102169,2024-01-03,4,
C102170,2022-05-18,7,Content
C102172,2023-01-10,7,
C102173,2022-04-28,9,
C102174,2023-07-13,3,
C102176,2022-03-13,3,
C102177,2023-02-20,6,
C102179,2023-08-31,6,
C102180,2023-04-26,8,Content
C102181,2023-03-22,4,
C102183,2022-08-05,2,
C102184,2023-07-30,4,
C102189,2023-07-12,8,
C102191,2023-09-20,7,Content
C102193,2022-10-25,1,
C102194,2022-02-08,1,
C102196,2023-12-16,4,
C102199,2023-12-11,10,
C102201,2023-10-23,9,
C102202,2024-03-06,4,
C102203,2023-02-28,10,
C102205,2022-12-03,7,
C102206,2023-12-09,3,Price
C102207,2023-05-10,6,
C102209,2024-03-10,1,
C102211,2022-04-13,8,
C102212,2023-11-29,10,
C102215,2023-12-14,3,Poor Support
C102216,2023-02-26,5,
C102217,2023-11-04,1,
C102218,2023-04-21,6,
C102219,2023-12-14,6,
C102221,2023-08-09,1,
C102222,2023-04-26,10,
C102223,2023-11-18,5,
C102225,2023-08-10,5,
C102227,2023-02-14,1,
C102228,2022-12-07,4,
C102229,2022-12-23,5,
C102230,2023-04-16,7,
C102233,2023-01-17,10,
C102234,2022-12-28,9,
C102235,2023-07-07,2,
C102237,2022-12-03,4,
C102238,2023-01-20,6,
C102241,2023-08-02,5,
C102242,2022-08-23,4,
C102243,2022-10-29,3,
C102244,2023-12-17,9,
C102246,2022-08-01,8,Price
C102249,2022-08-13,7,Content
C102250,2022-03-22,2,
C102252,2022-11-12,5,
C102253,2023-06-11,4,Content
C102256,2022-07-27,10,
C102257,2022-07-09,1,
C102261,2023-11-08,3,Moved to Competitor
C102262,2024-02-06,5,
C102265,2022-10-25,9,
C102267,2023-12-24,8,
C102268,2023-12-26,3,Content
C102270,2023-05-24,3,
C102271,2022-08-17,4,
C102272,2023-07-19,5,
C102273,2023-08-04,1,
C102274,2022-06-29,10,Poor Support
C102276,2023-07-10,7,
C102277,2024-01-14,2,
C102280,2022-09-20,10,
C102282,2023-06-09,2,App Issues
C102284,2023-01-12,3,
C102285,2023-09-06,6,Price
C102287,2022-07-10,8,
C102288,2022-04-30,7,Content
C102289,2023-06-16,9,
C102291,2022-02-17,9,
C102292,2023-06-27,9,
C102293,2022-03-28,8,Price
C102294,2023-08-30,7,
C102296,2022-02-21,4,
C102298,2022-12-16,3,Poor Support
C102300,2023-06-26,1,Poor Support
C102302,2024-03-06,4,
C102303,2023-09-02,2,
C102304,2023-11-03,6,Price
C102306,2023-05-24,9,
C102307,2022-08-11,9,
C102308,2022-05-13,6,
C102309,2023-05-16,3,
C102311,2022-02-13,1,
C102312,2022-03-18,5,
C102313,2023-01-12,7,
C102314,2022-03-29,2,Moved to Competitor
C102318,2023-07-05,8,
C102321,2023-02-17,2,
C102325,2022-05-03,3,
C102328,2023-06-10,3,
C102329,2022-11-05,5,
C102330,2023-10-13,8,
C102331,2022-04-25,1,
C102332,2023-04-18,3,
C102334,2022-08-21,3,App Issues
C102336,2023-09-29,6,Moved to Competitor
C102345,2022-04-02,6,Content
C102347,2023-01-16,5,
C102348,2022-09-29,9,App Issues
C102349,2024-03-08,9,
C102351,2022-09-16,8,
C102352,2023-04-13,10,
C102353,2023-11-25,10,
C102354,2022-09-02,9,
C102355,2023-09-10,5,
C102356,2022-03-27,4,Poor Support
C102358,2024-01-10,10,
C102359,2022-11-12,3,
C102360,2022-06-08,1,
C102363,2024-02-20,5,
C102365,2023-06-06,3,
C102369,2022-12-23,8,
C102372,2022-02-24,6,
C102374,2023-06-11,4,
C102376,2023-11-06,1,
C102379,2023-07-11,5,
C102380,2023-06-18,6,Price
C102382,2023-05-10,1,
C102383,2022-07-08,8,Price
C102385,2022-03-20,6,Content
C102387,2024-03-01,2,
C102388,2022-09-01,7,
C102389,2022-11-17,6,
C102390,2024-03-06,6,
C102392,2022-07-10,6,
C102393,2023-10-25,2,
C102394,2022-05-26,2,
C102395,2022-09-03,7,Price
C102398,2022-08-21,5,Poor Support
C102399,2022-04-13,8,Poor Support
C102400,2023-09-06,7,
C102401,2022-07-09,7,
C102402,2023-09-29,6,
C102406,2024-01-25,1,
C102410,2022-05-06,1,
C102411,2023-01-09,10,
C102412,2023-06-10,4,
C102414,2022-06-08,6,
C102415,2022-05-14,1,Moved to Competitor
C102416,2023-08-25,10,
C102417,2023-08-25,1,
C102419,2023-07-14,4,
C102421,2022-03-14,9,
C102423,2023-08-14,2,
C102426,2022-09-14,10,
C102427,2022-03-04,2,Moved to Competitor
C102428,2022-02-22,5,
C102429,2022-03-01,6,
C102430,2023-06-20,7,
C102431,2023-03-17,8,
C102434,2022-02-01,6,
C102435,2024-02-12,1,
C102436,2023-05-27,9,Price
C102441,2023-02-21,6,
C102444,2022-07-10,7,
C102445,2023-09-14,5,
C102447,2024-02-18,6,
C102452,2022-11-01,10,
C102454,2023-06-20,5,Price
C102459,2022-09-08,1,
C102460,2024-01-09,7,
C102462,2022-07-31,3,
C102463,2022-09-03,8,
C102466,2022-12-13,4,
C102468,2023-09-03,4,
C102469,2022-03-06,3,
C102470,2022-03-19,7,
C102471,2022-11-11,3,
C102472,2022-05-11,8,
C102473,2022-04-09,4,Poor Support
C102475,2022-02-28,3,
C102478,2022-04-16,10,
C102479,2022-12-18,10,
C102480,2022-12-26,1,
C102481,2023-12-27,4,App Issues
C102484,2022-10-10,6,App Issues
C102485,2023-12-17,10,
C102486,2023-06-05,7,App Issues
C102487,2023-07-30,10,
C102488,2022-05-09,4,
C102489,2023-08-16,9,
C102490,2022-12-14,6,
C102491,2023-09-04,3,
C102492,2023-07-13,8,
C102493,2023-10-28,1,
C102494,2023-07-04,3,
C102497,2023-07-30,8,
C102498,2024-02-20,8,
C102499,2022-09-16,9,
C102503,2022-02-15,9,
C102504,2023-04-12,1,
C102505,2022-08-01,2,Price
C102508,2022-08-03,5,
C102509,2023-07-12,6,
C102511,2022-12-25,6,
C102513,2022-06-03,6,
C102514,2023-09-03,7,App Issues
C102517,2022-05-31,6,
C102519,2022-11-12,2,Content
C102520,2023-05-21,8,
C102522,2022-03-05,4,Price
C102523,2022-12-19,4,
C102525,2023-01-29,6,
C102526,2022-03-09,8,
C102528,2023-12-06,8,
C102530,2023-04-29,8,
C102532,2023-12-01,2,
C102535,2023-07-08,1,
C102536,2022-11-08,5,
C102537,2022-06-24,1,
C102539,2022-10-17,1,
C102540,2022-02-26,9,Poor Support
C102541,2023-01-04,4,
C102542,2022-03-11,2,
C102545,2023-10-05,8,
C102546,2024-01-08,5,Price
C102547,2023-03-08,4,
C102548,2023-03-27,10,
C102549,2022-09-22,2,
C102552,2023-01-31,1,
C102553,2022-08-04,9,
C102554,2022-07-27,5,Moved to Competitor
C102556,2024-02-13,9,Price
C102558,2023-01-06,9,
C102559,2023-04-20,9,
C102563,2022-07-05,6,Poor Support
C102565,2023-12-21,1,
C102568,2022-11-12,8,
C102569,2023-04-03,2,
C102570,2022-12-13,10,
C102571,2023-08-14,8,
C102572,2024-02-01,6,Content
C102574,2023-05-29,5,
C102576,2023-01-04,1,
C102580,2023-05-29,7,
C102581,2023-11-05,8,
C102583,2023-07-30,10,
C102588,2022-12-22,6,App Issues
C102589,2022-04-02,4,
C102590,2023-04-03,6,Poor Support
C102591,2022-05-25,2,
C102592,2022-11-11,6,
C102594,2024-02-04,3,
C102596,2022-09-19,3,Content
C102597,2022-06-29,5,
C102598,2023-08-08,5,
C102599,2022-07-05,8,
C102600,2023-04-04,6,
C102601,2022-11-30,1,
C102603,2022-08-14,3,
C102605,2023-08-29,1,Content
C102606,2024-01-14,2,
C102609,2022-10-14,6,
C102610,2024-02-18,10,
C102611,2023-02-20,2,Poor Support
C102612,2023-10-14,5,
C102614,2024-02-16,2,
C102616,2022-05-18,10,Poor Support
C102617,2023-10-22,8,
C102618,2023-12-10,2,
C102619,2022-07-05,5,
C102620,2022-08-06,5,
C102621,2022-06-20,5,
C102623,2023-10-28,9,
C102624,2023-06-29,4,
C102625,2022-06-08,6,
C102627,2022-12-30,9,
C102631,2022-09-16,6,
C102633,2023-08-24,10,
C102634,2023-08-02,1,Poor Support
C102635,2023-09-22,4,
C102637,2022-07-18,6,
C102638,2023-08-28,8,
C102641,2023-09-13,4,
C102645,2023-06-21,5,
C102646,2023-02-17,10,Poor Support
C102649,2022-10-24,1,
C102650,2024-02-24,7,
C102651,2022-05-12,2,
C102652,2023-12-22,6,Content
C102653,2022-11-16,6,
C102654,2023-04-25,10,
C102655,2022-02-23,5,
C102657,2023-01-21,3,Moved to Competitor
C102660,2023-09-02,2,
C102662,2023-02-16,1,Price
C102663,2023-03-01,9,
C102664,2022-10-02,6,
C102665,2022-02-14,9,App Issues
C102666,2023-04-02,10,
C102667,2023-04-19,10,Price
C102668,2022-11-17,7,
C102670,2023-06-29,7,Content
C102673,2022-10-14,2,
C102674,2022-06-21,2,
C102676,2023-06-10,1,
C102678,2023-10-19,6,Price
C102679,2024-02-04,3,
C102680,2022-11-14,1,
C102681,2022-09-07,1,
C102682,2023-07-07,3,
C102684,2023-05-26,3,
C102686,2024-02-22,3,
C102687,2022-02-04,6,
C102689,2023-03-26,6,
C102690,2024-02-06,5,
C102694,2022-07-17,2,
C102695,2023-03-27,10,
C102700,2022-08-19,9,App Issues
C102702,2022-07-14,9,Poor Support
C102703,2022-11-01,9,
C102709,2023-05-07,10,Price
C102712,2023-08-30,9,
C102713,2022-11-30,2,Price
C102717,2022-07-15,10,
C102719,2022-06-05,9,
C102720,2022-03-01,5,
C102722,2022-12-17,2,
C102724,2023-06-16,10,
C102726,2022-09-25,5,
C102728,2023-05-12,9,App Issues
C102729,2022-11-26,4,
C102731,2022-12-24,10,
C102732,2022-09-30,9,
C102733,2023-05-27,1,
C102734,2023-03-22,7,
C102735,2023-09-21,3,
C102736,2023-07-01,4,
C102737,2023-11-20,8,
C102739,2022-06-20,6,Price
C102740,2023-04-13,4,Price
C102742,2023-05-28,2,
C102743,2023-12-07,3,
C102744,2022-10-30,2,Price
C102745,2023-10-03,7,
C102749,2024-02-21,1,
C102750,2023-01-10,7,Poor Support
C102751,2022-05-13,1,Moved to Competitor
C102753,2023-10-11,9,
C102756,2022-10-31,7,
C102759,2023-08-24,7,
C102762,2022-12-14,3,
C102764,2022-12-17,7,
C102767,2024-01-14,3,App Issues
C102768,2023-05-21,2,
C102769,2023-11-20,5,
C102772,2023-10-15,3,
C102773,2023-10-12,6,
C102778,2022-02-10,6,
C102779,2023-08-19,5,
C102781,2023-05-21,10,
C102783,2023-09-07,1,
C102785,2023-10-25,2,
C102787,2022-08-24,3,
C102788,2023-09-29,2,
C102789,2023-02-20,4,
C102791,2023-09-25,7,Moved to Competitor
C102792,2024-01-03,5,
C102795,2023-07-27,1,
C102796,2023-05-29,4,App Issues
C102798,2022-11-01,5,Moved to Competitor
C102799,2022-09-14,3,
C102802,2023-11-02,1,
C102803,2022-11-13,8,
C102805,2023-06-22,10,
C102806,2022-11-28,6,
C102807,2023-06-21,1,Moved to Competitor
C102808,2022-12-14,3,
C102809,2022-07-06,3,Price
C102810,2023-06-12,10,
C102811,2022-05-08,5,
C102812,2022-03-02,5,
C102814,2022-05-03,4,
C102815,2023-07-20,9,
C102816,2022-11-03,3,
C102818,2023-08-28,10,
C102819,2023-01-12,4,
C102820,2024-01-04,3,
C102821,2022-08-08,1,
C102824,2022-12-01,9,
C102825,2023-07-17,10,
C102826,2023-12-17,1,Poor Support
C102827,2022-06-15,1,
C102828,2022-11-23,3,
C102830,2022-12-15,3,
C102831,2022-03-19,8,App Issues
C102832,2023-05-02,9,
C102833,2022-11-24,6,
C102834,2023-11-22,8,
C102835,2022-02-23,2,
C102836,2022-08-14,9,
C102839,2023-02-06,2,
C102841,2022-10-20,7,
C102844,2022-02-10,4,
C102845,2022-03-03,4,Content
C102848,2023-12-13,10,
C102849,2022-09-10,8,Content
C102850,2023-10-04,9,Moved to Competitor
C102851,2022-02-01,8,
C102853,2022-11-12,7,
C102856,2023-12-31,5,
C102857,2022-09-04,4,
C102858,2023-04-23,5,
C102859,2024-01-17,4,
C102860,2022-08-16,8,
C102862,2023-09-21,1,Price
C102864,2023-12-09,4,Price
C102865,2022-05-17,8,
C102867,2024-01-20,5,
C102868,2023-09-10,1,
C102870,2023-05-08,7,
C102873,2022-11-01,5,
C102874,2024-01-29,1,
C102875,2023-07-08,9,
C102876,2022-10-31,9,
C102880,2023-12-26,6,
C102881,2022-04-27,1,
C102883,2022-12-11,6,
C102884,2022-12-02,4,
C102885,2022-09-07,1,
C102886,2022-08-20,6,
C102887,2023-08-05,8,App Issues
C102889,2022-02-04,9,Price
C102890,2024-02-25,1,Moved to Competitor
C102892,2023-07-03,5,Price
C102893,2022-11-30,10,
C102894,2024-03-07,5,
C102895,2023-03-27,9,
C102896,2022-11-30,1,Moved to Competitor
C102897,2023-12-20,8,
C102898,2022-12-14,9,
C102900,2023-09-16,1,
C102901,2022-05-31,1,
C102902,2024-01-08,2,
C102906,2023-02-04,1,App Issues
C102907,2022-03-24,6,
C102908,2022-09-16,1,
C102909,2023-06-29,8,
C102910,2022-07-08,1,
C102912,2023-07-28,10,
C102913,2023-06-20,5,
C102916,2022-03-03,7,
C102918,2022-08-15,1,
C102921,2022-04-23,2,
C102922,2022-06-03,1,
C102923,2022-06-10,6,
C102924,2022-10-11,6,Poor Support
C102926,2022-06-28,2,Moved to Competitor
C102927,2024-02-10,1,
C102928,2022-06-08,2,
C102933,2022-03-18,1,
C102939,2024-01-08,8,
C102941,2023-01-29,3,
C102942,2022-08-27,2,
C102943,2023-04-30,4,
C102944,2023-05-15,7,
C102946,2023-12-18,8,
C102947,2022-11-16,4,App Issues
C102948,2022-07-29,9,
C102949,2023-10-11,5,
C102950,2022-07-29,3,
C102956,2024-02-16,1,App Issues
C102957,2022-07-02,5,
C102958,2022-07-02,5,
C102960,2023-08-06,3,
C102962,2023-05-26,4,Poor Support
C102965,2022-08-28,2,
C102968,2024-01-11,9,
C102969,2022-04-28,3,
C102971,2022-10-04,8,
C102972,2023-10-29,4,Content
C102974,2024-01-02,1,
C102975,2023-06-27,6,
C102977,2023-08-05,1,Content
C102978,2022-07-02,8,
C102979,2022-11-14,2,Moved to Competitor
C102981,2023-10-03,4,
C102983,2022-03-13,4,Price
C102986,2023-11-22,6,
C102988,2022-10-19,2,
C102991,2023-12-08,8,App Issues
C102995,2023-04-08,10,App Issues
C102997,2023-03-26,6,Price
